PRECINCT,CONTESTNAME,CANDIDATENAME,VOTES,VOTERTURNOUT,CONSNUM,CONSNAME
120000-UNIVERSITY N,ATTORNEY GENERAL,XAVIER BECERRA,756,74.9,120000,MESA
120040-UNIVERSITY N,ATTORNEY GENERAL,STEVEN C BAILEY,29,75.5,120040,VILLAGE
120070-UNIVERSITY N,ATTORNEY GENERAL,STEVEN C BAILEY,34,66.4,120070,WARREN
120065-UCSD-DROP OFF,ATTORNEY GENERAL,STEVEN C BAILEY,30,0.0,120065,MAIL-DROP
120060-UNIVERSITY N,ATTORNEY GENERAL,STEVEN C BAILEY,33,72.2,120060,SIXTH
120050-UNIVERSITY N,ATTORNEY GENERAL,STEVEN C BAILEY,46,73.1,120050,REVELLE
120042-UNIVERSITY N,ATTORNEY GENERAL,STEVEN C BAILEY,44,62.7,120042,ROOSEVELT
120041-UNIVERSITY N,ATTORNEY GENERAL,STEVEN C BAILEY,16,80.3,120041,MARSHALL
120050-UNIVERSITY N,ATTORNEY GENERAL,XAVIER BECERRA,393,73.1,120050,REVELLE
120043-UNIVERSITY N,ATTORNEY GENERAL,STEVEN C BAILEY,25,109.8,120043,MUIR
120065-UCSD-DROP OFF,ATTORNEY GENERAL,XAVIER BECERRA,306,0.0,120065,MAIL-DROP
120060-UNIVERSITY N,ATTORNEY GENERAL,XAVIER BECERRA,298,72.2,120060,SIXTH
120043-UNIVERSITY N,ATTORNEY GENERAL,XAVIER BECERRA,250,109.8,120043,MUIR
120042-UNIVERSITY N,ATTORNEY GENERAL,XAVIER BECERRA,483,62.7,120042,ROOSEVELT
120041-UNIVERSITY N,ATTORNEY GENERAL,XAVIER BECERRA,222,80.3,120041,MARSHALL
120000-UNIVERSITY N,ATTORNEY GENERAL,STEVEN C BAILEY,97,74.9,120000,MESA
120040-UNIVERSITY N,ATTORNEY GENERAL,XAVIER BECERRA,248,75.5,120040,VILLAGE
120070-UNIVERSITY N,ATTORNEY GENERAL,XAVIER BECERRA,306,66.4,120070,WARREN
120060-UNIVERSITY N,BOARD OF SUPERVISORS DISTRICT NO. 4,NATHAN FLETCHER,174,72.2,120060,SIXTH
120070-UNIVERSITY N,BOARD OF SUPERVISORS DISTRICT NO. 4,BONNIE DUMANIS,49,66.4,120070,WARREN
120040-UNIVERSITY N,BOARD OF SUPERVISORS DISTRICT NO. 4,NATHAN FLETCHER,150,75.5,120040,VILLAGE
120041-UNIVERSITY N,BOARD OF SUPERVISORS DISTRICT NO. 4,NATHAN FLETCHER,137,80.3,120041,MARSHALL
120042-UNIVERSITY N,BOARD OF SUPERVISORS DISTRICT NO. 4,NATHAN FLETCHER,270,62.7,120042,ROOSEVELT
120043-UNIVERSITY N,BOARD OF SUPERVISORS DISTRICT NO. 4,NATHAN FLETCHER,130,109.8,120043,MUIR
120065-UCSD-DROP OFF,BOARD OF SUPERVISORS DISTRICT NO. 4,NATHAN FLETCHER,64,0.0,120065,MAIL-DROP
120000-UNIVERSITY N,BOARD OF SUPERVISORS DISTRICT NO. 4,NATHAN FLETCHER,498,74.9,120000,MESA
120050-UNIVERSITY N,BOARD OF SUPERVISORS DISTRICT NO. 4,NATHAN FLETCHER,206,73.1,120050,REVELLE
120065-UCSD-DROP OFF,BOARD OF SUPERVISORS DISTRICT NO. 4,BONNIE DUMANIS,27,0.0,120065,MAIL-DROP
120070-UNIVERSITY N,BOARD OF SUPERVISORS DISTRICT NO. 4,NATHAN FLETCHER,174,66.4,120070,WARREN
120000-UNIVERSITY N,BOARD OF SUPERVISORS DISTRICT NO. 4,BONNIE DUMANIS,176,74.9,120000,MESA
120040-UNIVERSITY N,BOARD OF SUPERVISORS DISTRICT NO. 4,BONNIE DUMANIS,51,75.5,120040,VILLAGE
120060-UNIVERSITY N,BOARD OF SUPERVISORS DISTRICT NO. 4,BONNIE DUMANIS,53,72.2,120060,SIXTH
120041-UNIVERSITY N,BOARD OF SUPERVISORS DISTRICT NO. 4,BONNIE DUMANIS,26,80.3,120041,MARSHALL
120043-UNIVERSITY N,BOARD OF SUPERVISORS DISTRICT NO. 4,BONNIE DUMANIS,36,109.8,120043,MUIR
120050-UNIVERSITY N,BOARD OF SUPERVISORS DISTRICT NO. 4,BONNIE DUMANIS,74,73.1,120050,REVELLE
120042-UNIVERSITY N,BOARD OF SUPERVISORS DISTRICT NO. 4,BONNIE DUMANIS,102,62.7,120042,ROOSEVELT
120070-UNIVERSITY N,CA APP CT ASSOC JUST DIV 1 AARON,NO,51,66.4,120070,WARREN
120050-UNIVERSITY N,CA APP CT ASSOC JUST DIV 1 AARON,NO,55,73.1,120050,REVELLE
120000-UNIVERSITY N,CA APP CT ASSOC JUST DIV 1 AARON,YES,517,74.9,120000,MESA
120040-UNIVERSITY N,CA APP CT ASSOC JUST DIV 1 AARON,YES,167,75.5,120040,VILLAGE
120041-UNIVERSITY N,CA APP CT ASSOC JUST DIV 1 AARON,YES,142,80.3,120041,MARSHALL
120042-UNIVERSITY N,CA APP CT ASSOC JUST DIV 1 AARON,YES,336,62.7,120042,ROOSEVELT
120043-UNIVERSITY N,CA APP CT ASSOC JUST DIV 1 AARON,YES,154,109.8,120043,MUIR
120050-UNIVERSITY N,CA APP CT ASSOC JUST DIV 1 AARON,YES,267,73.1,120050,REVELLE
120060-UNIVERSITY N,CA APP CT ASSOC JUST DIV 1 AARON,YES,205,72.2,120060,SIXTH
120065-UCSD-DROP OFF,CA APP CT ASSOC JUST DIV 1 AARON,YES,168,0.0,120065,MAIL-DROP
120040-UNIVERSITY N,CA APP CT ASSOC JUST DIV 1 AARON,NO,35,75.5,120040,VILLAGE
120041-UNIVERSITY N,CA APP CT ASSOC JUST DIV 1 AARON,NO,34,80.3,120041,MARSHALL
120042-UNIVERSITY N,CA APP CT ASSOC JUST DIV 1 AARON,NO,56,62.7,120042,ROOSEVELT
120043-UNIVERSITY N,CA APP CT ASSOC JUST DIV 1 AARON,NO,40,109.8,120043,MUIR
120060-UNIVERSITY N,CA APP CT ASSOC JUST DIV 1 AARON,NO,30,72.2,120060,SIXTH
120070-UNIVERSITY N,CA APP CT ASSOC JUST DIV 1 AARON,YES,186,66.4,120070,WARREN
120065-UCSD-DROP OFF,CA APP CT ASSOC JUST DIV 1 AARON,NO,56,0.0,120065,MAIL-DROP
120000-UNIVERSITY N,CA APP CT ASSOC JUST DIV 1 AARON,NO,72,74.9,120000,MESA
120040-UNIVERSITY N,CA APP CT ASSOC JUST DIV 1 BENKE,NO,67,75.5,120040,VILLAGE
120041-UNIVERSITY N,CA APP CT ASSOC JUST DIV 1 BENKE,NO,61,80.3,120041,MARSHALL
120070-UNIVERSITY N,CA APP CT ASSOC JUST DIV 1 BENKE,YES,156,66.4,120070,WARREN
120065-UCSD-DROP OFF,CA APP CT ASSOC JUST DIV 1 BENKE,NO,86,0.0,120065,MAIL-DROP
120050-UNIVERSITY N,CA APP CT ASSOC JUST DIV 1 BENKE,NO,103,73.1,120050,REVELLE
120060-UNIVERSITY N,CA APP CT ASSOC JUST DIV 1 BENKE,NO,70,72.2,120060,SIXTH
120000-UNIVERSITY N,CA APP CT ASSOC JUST DIV 1 BENKE,NO,196,74.9,120000,MESA
120043-UNIVERSITY N,CA APP CT ASSOC JUST DIV 1 BENKE,NO,69,109.8,120043,MUIR
120042-UNIVERSITY N,CA APP CT ASSOC JUST DIV 1 BENKE,NO,125,62.7,120042,ROOSEVELT
120040-UNIVERSITY N,CA APP CT ASSOC JUST DIV 1 BENKE,YES,134,75.5,120040,VILLAGE
120041-UNIVERSITY N,CA APP CT ASSOC JUST DIV 1 BENKE,YES,112,80.3,120041,MARSHALL
120060-UNIVERSITY N,CA APP CT ASSOC JUST DIV 1 BENKE,YES,166,72.2,120060,SIXTH
120070-UNIVERSITY N,CA APP CT ASSOC JUST DIV 1 BENKE,NO,80,66.4,120070,WARREN
120065-UCSD-DROP OFF,CA APP CT ASSOC JUST DIV 1 BENKE,YES,140,0.0,120065,MAIL-DROP
120000-UNIVERSITY N,CA APP CT ASSOC JUST DIV 1 BENKE,YES,392,74.9,120000,MESA
120042-UNIVERSITY N,CA APP CT ASSOC JUST DIV 1 BENKE,YES,266,62.7,120042,ROOSEVELT
120043-UNIVERSITY N,CA APP CT ASSOC JUST DIV 1 BENKE,YES,125,109.8,120043,MUIR
120050-UNIVERSITY N,CA APP CT ASSOC JUST DIV 1 BENKE,YES,223,73.1,120050,REVELLE
120070-UNIVERSITY N,CA APP CT ASSOC JUST DIV 1 DATO,YES,180,66.4,120070,WARREN
120060-UNIVERSITY N,CA APP CT ASSOC JUST DIV 1 DATO,NO,41,72.2,120060,SIXTH
120050-UNIVERSITY N,CA APP CT ASSOC JUST DIV 1 DATO,NO,66,73.1,120050,REVELLE
120043-UNIVERSITY N,CA APP CT ASSOC JUST DIV 1 DATO,NO,31,109.8,120043,MUIR
120042-UNIVERSITY N,CA APP CT ASSOC JUST DIV 1 DATO,NO,56,62.7,120042,ROOSEVELT
120041-UNIVERSITY N,CA APP CT ASSOC JUST DIV 1 DATO,NO,29,80.3,120041,MARSHALL
120040-UNIVERSITY N,CA APP CT ASSOC JUST DIV 1 DATO,NO,42,75.5,120040,VILLAGE
120000-UNIVERSITY N,CA APP CT ASSOC JUST DIV 1 DATO,NO,90,74.9,120000,MESA
120065-UCSD-DROP OFF,CA APP CT ASSOC JUST DIV 1 DATO,NO,58,0.0,120065,MAIL-DROP
120000-UNIVERSITY N,CA APP CT ASSOC JUST DIV 1 DATO,YES,489,74.9,120000,MESA
120060-UNIVERSITY N,CA APP CT ASSOC JUST DIV 1 DATO,YES,193,72.2,120060,SIXTH
120050-UNIVERSITY N,CA APP CT ASSOC JUST DIV 1 DATO,YES,250,73.1,120050,REVELLE
120043-UNIVERSITY N,CA APP CT ASSOC JUST DIV 1 DATO,YES,162,109.8,120043,MUIR
120042-UNIVERSITY N,CA APP CT ASSOC JUST DIV 1 DATO,YES,329,62.7,120042,ROOSEVELT
120041-UNIVERSITY N,CA APP CT ASSOC JUST DIV 1 DATO,YES,145,80.3,120041,MARSHALL
120070-UNIVERSITY N,CA APP CT ASSOC JUST DIV 1 DATO,NO,55,66.4,120070,WARREN
120040-UNIVERSITY N,CA APP CT ASSOC JUST DIV 1 DATO,YES,159,75.5,120040,VILLAGE
120065-UCSD-DROP OFF,CA APP CT ASSOC JUST DIV 1 DATO,YES,162,0.0,120065,MAIL-DROP
120060-UNIVERSITY N,CA APP CT ASSOC JUST DIV 1 GUERRERO,YES,218,72.2,120060,SIXTH
120050-UNIVERSITY N,CA APP CT ASSOC JUST DIV 1 GUERRERO,YES,293,73.1,120050,REVELLE
120043-UNIVERSITY N,CA APP CT ASSOC JUST DIV 1 GUERRERO,YES,180,109.8,120043,MUIR
120065-UCSD-DROP OFF,CA APP CT ASSOC JUST DIV 1 GUERRERO,YES,199,0.0,120065,MAIL-DROP
120041-UNIVERSITY N,CA APP CT ASSOC JUST DIV 1 GUERRERO,YES,158,80.3,120041,MARSHALL
120040-UNIVERSITY N,CA APP CT ASSOC JUST DIV 1 GUERRERO,YES,181,75.5,120040,VILLAGE
120070-UNIVERSITY N,CA APP CT ASSOC JUST DIV 1 GUERRERO,YES,202,66.4,120070,WARREN
120042-UNIVERSITY N,CA APP CT ASSOC JUST DIV 1 GUERRERO,YES,357,62.7,120042,ROOSEVELT
120040-UNIVERSITY N,CA APP CT ASSOC JUST DIV 1 GUERRERO,NO,23,75.5,120040,VILLAGE
120042-UNIVERSITY N,CA APP CT ASSOC JUST DIV 1 GUERRERO,NO,30,62.7,120042,ROOSEVELT
120060-UNIVERSITY N,CA APP CT ASSOC JUST DIV 1 GUERRERO,NO,23,72.2,120060,SIXTH
120070-UNIVERSITY N,CA APP CT ASSOC JUST DIV 1 GUERRERO,NO,38,66.4,120070,WARREN
120000-UNIVERSITY N,CA APP CT ASSOC JUST DIV 1 GUERRERO,YES,532,74.9,120000,MESA
120065-UCSD-DROP OFF,CA APP CT ASSOC JUST DIV 1 GUERRERO,NO,26,0.0,120065,MAIL-DROP
120041-UNIVERSITY N,CA APP CT ASSOC JUST DIV 1 GUERRERO,NO,16,80.3,120041,MARSHALL
120050-UNIVERSITY N,CA APP CT ASSOC JUST DIV 1 GUERRERO,NO,27,73.1,120050,REVELLE
120043-UNIVERSITY N,CA APP CT ASSOC JUST DIV 1 GUERRERO,NO,14,109.8,120043,MUIR
120000-UNIVERSITY N,CA APP CT ASSOC JUST DIV 1 GUERRERO,NO,55,74.9,120000,MESA
120070-UNIVERSITY N,CA APP CT ASSOC JUST DIV 1 HALLER,NO,71,66.4,120070,WARREN
120060-UNIVERSITY N,CA APP CT ASSOC JUST DIV 1 HALLER,NO,72,72.2,120060,SIXTH
120000-UNIVERSITY N,CA APP CT ASSOC JUST DIV 1 HALLER,YES,413,74.9,120000,MESA
120043-UNIVERSITY N,CA APP CT ASSOC JUST DIV 1 HALLER,YES,128,109.8,120043,MUIR
120041-UNIVERSITY N,CA APP CT ASSOC JUST DIV 1 HALLER,YES,113,80.3,120041,MARSHALL
120042-UNIVERSITY N,CA APP CT ASSOC JUST DIV 1 HALLER,YES,285,62.7,120042,ROOSEVELT
120050-UNIVERSITY N,CA APP CT ASSOC JUST DIV 1 HALLER,YES,237,73.1,120050,REVELLE
120060-UNIVERSITY N,CA APP CT ASSOC JUST DIV 1 HALLER,YES,170,72.2,120060,SIXTH
120040-UNIVERSITY N,CA APP CT ASSOC JUST DIV 1 HALLER,YES,143,75.5,120040,VILLAGE
120050-UNIVERSITY N,CA APP CT ASSOC JUST DIV 1 HALLER,NO,94,73.1,120050,REVELLE
120042-UNIVERSITY N,CA APP CT ASSOC JUST DIV 1 HALLER,NO,118,62.7,120042,ROOSEVELT
120000-UNIVERSITY N,CA APP CT ASSOC JUST DIV 1 HALLER,NO,181,74.9,120000,MESA
120040-UNIVERSITY N,CA APP CT ASSOC JUST DIV 1 HALLER,NO,63,75.5,120040,VILLAGE
120041-UNIVERSITY N,CA APP CT ASSOC JUST DIV 1 HALLER,NO,64,80.3,120041,MARSHALL
120065-UCSD-DROP OFF,CA APP CT ASSOC JUST DIV 1 HALLER,YES,155,0.0,120065,MAIL-DROP
120065-UCSD-DROP OFF,CA APP CT ASSOC JUST DIV 1 HALLER,NO,79,0.0,120065,MAIL-DROP
120043-UNIVERSITY N,CA APP CT ASSOC JUST DIV 1 HALLER,NO,65,109.8,120043,MUIR
120070-UNIVERSITY N,CA APP CT ASSOC JUST DIV 1 HALLER,YES,168,66.4,120070,WARREN
120041-UNIVERSITY N,CA APP CT ASSOC JUST DIV 1 HUFFMAN,NO,84,80.3,120041,MARSHALL
120000-UNIVERSITY N,CA APP CT ASSOC JUST DIV 1 HUFFMAN,NO,259,74.9,120000,MESA
120040-UNIVERSITY N,CA APP CT ASSOC JUST DIV 1 HUFFMAN,NO,95,75.5,120040,VILLAGE
120060-UNIVERSITY N,CA APP CT ASSOC JUST DIV 1 HUFFMAN,NO,93,72.2,120060,SIXTH
120042-UNIVERSITY N,CA APP CT ASSOC JUST DIV 1 HUFFMAN,NO,181,62.7,120042,ROOSEVELT
120043-UNIVERSITY N,CA APP CT ASSOC JUST DIV 1 HUFFMAN,NO,95,109.8,120043,MUIR
120070-UNIVERSITY N,CA APP CT ASSOC JUST DIV 1 HUFFMAN,YES,138,66.4,120070,WARREN
120065-UCSD-DROP OFF,CA APP CT ASSOC JUST DIV 1 HUFFMAN,NO,112,0.0,120065,MAIL-DROP
120050-UNIVERSITY N,CA APP CT ASSOC JUST DIV 1 HUFFMAN,NO,151,73.1,120050,REVELLE
120065-UCSD-DROP OFF,CA APP CT ASSOC JUST DIV 1 HUFFMAN,YES,116,0.0,120065,MAIL-DROP
120050-UNIVERSITY N,CA APP CT ASSOC JUST DIV 1 HUFFMAN,YES,168,73.1,120050,REVELLE
120040-UNIVERSITY N,CA APP CT ASSOC JUST DIV 1 HUFFMAN,YES,105,75.5,120040,VILLAGE
120070-UNIVERSITY N,CA APP CT ASSOC JUST DIV 1 HUFFMAN,NO,98,66.4,120070,WARREN
120041-UNIVERSITY N,CA APP CT ASSOC JUST DIV 1 HUFFMAN,YES,90,80.3,120041,MARSHALL
120000-UNIVERSITY N,CA APP CT ASSOC JUST DIV 1 HUFFMAN,YES,325,74.9,120000,MESA
120043-UNIVERSITY N,CA APP CT ASSOC JUST DIV 1 HUFFMAN,YES,98,109.8,120043,MUIR
120060-UNIVERSITY N,CA APP CT ASSOC JUST DIV 1 HUFFMAN,YES,141,72.2,120060,SIXTH
120042-UNIVERSITY N,CA APP CT ASSOC JUST DIV 1 HUFFMAN,YES,212,62.7,120042,ROOSEVELT
120070-UNIVERSITY N,CA APP CT ASSOC JUST DIV 1 IRION,YES,202,66.4,120070,WARREN
120050-UNIVERSITY N,CA APP CT ASSOC JUST DIV 1 IRION,YES,278,73.1,120050,REVELLE
120065-UCSD-DROP OFF,CA APP CT ASSOC JUST DIV 1 IRION,YES,187,0.0,120065,MAIL-DROP
120060-UNIVERSITY N,CA APP CT ASSOC JUST DIV 1 IRION,YES,213,72.2,120060,SIXTH
120065-UCSD-DROP OFF,CA APP CT ASSOC JUST DIV 1 IRION,NO,44,0.0,120065,MAIL-DROP
120043-UNIVERSITY N,CA APP CT ASSOC JUST DIV 1 IRION,YES,165,109.8,120043,MUIR
120041-UNIVERSITY N,CA APP CT ASSOC JUST DIV 1 IRION,YES,156,80.3,120041,MARSHALL
120000-UNIVERSITY N,CA APP CT ASSOC JUST DIV 1 IRION,NO,65,74.9,120000,MESA
120042-UNIVERSITY N,CA APP CT ASSOC JUST DIV 1 IRION,YES,357,62.7,120042,ROOSEVELT
120040-UNIVERSITY N,CA APP CT ASSOC JUST DIV 1 IRION,YES,167,75.5,120040,VILLAGE
120043-UNIVERSITY N,CA APP CT ASSOC JUST DIV 1 IRION,NO,34,109.8,120043,MUIR
120041-UNIVERSITY N,CA APP CT ASSOC JUST DIV 1 IRION,NO,23,80.3,120041,MARSHALL
120000-UNIVERSITY N,CA APP CT ASSOC JUST DIV 1 IRION,YES,537,74.9,120000,MESA
120040-UNIVERSITY N,CA APP CT ASSOC JUST DIV 1 IRION,NO,39,75.5,120040,VILLAGE
120042-UNIVERSITY N,CA APP CT ASSOC JUST DIV 1 IRION,NO,49,62.7,120042,ROOSEVELT
120060-UNIVERSITY N,CA APP CT ASSOC JUST DIV 1 IRION,NO,32,72.2,120060,SIXTH
120050-UNIVERSITY N,CA APP CT ASSOC JUST DIV 1 IRION,NO,57,73.1,120050,REVELLE
120070-UNIVERSITY N,CA APP CT ASSOC JUST DIV 1 IRION,NO,40,66.4,120070,WARREN
120042-UNIVERSITY N,CA APP CT ASSOC JUST DIV 2 FIELDS,NO,56,62.7,120042,ROOSEVELT
120041-UNIVERSITY N,CA APP CT ASSOC JUST DIV 2 FIELDS,NO,35,80.3,120041,MARSHALL
120041-UNIVERSITY N,CA APP CT ASSOC JUST DIV 2 FIELDS,YES,138,80.3,120041,MARSHALL
120070-UNIVERSITY N,CA APP CT ASSOC JUST DIV 2 FIELDS,NO,50,66.4,120070,WARREN
120065-UCSD-DROP OFF,CA APP CT ASSOC JUST DIV 2 FIELDS,NO,62,0.0,120065,MAIL-DROP
120060-UNIVERSITY N,CA APP CT ASSOC JUST DIV 2 FIELDS,NO,41,72.2,120060,SIXTH
120050-UNIVERSITY N,CA APP CT ASSOC JUST DIV 2 FIELDS,NO,53,73.1,120050,REVELLE
120043-UNIVERSITY N,CA APP CT ASSOC JUST DIV 2 FIELDS,NO,38,109.8,120043,MUIR
120000-UNIVERSITY N,CA APP CT ASSOC JUST DIV 2 FIELDS,YES,480,74.9,120000,MESA
120042-UNIVERSITY N,CA APP CT ASSOC JUST DIV 2 FIELDS,YES,330,62.7,120042,ROOSEVELT
120070-UNIVERSITY N,CA APP CT ASSOC JUST DIV 2 FIELDS,YES,185,66.4,120070,WARREN
120065-UCSD-DROP OFF,CA APP CT ASSOC JUST DIV 2 FIELDS,YES,159,0.0,120065,MAIL-DROP
120060-UNIVERSITY N,CA APP CT ASSOC JUST DIV 2 FIELDS,YES,193,72.2,120060,SIXTH
120050-UNIVERSITY N,CA APP CT ASSOC JUST DIV 2 FIELDS,YES,255,73.1,120050,REVELLE
120043-UNIVERSITY N,CA APP CT ASSOC JUST DIV 2 FIELDS,YES,154,109.8,120043,MUIR
120040-UNIVERSITY N,CA APP CT ASSOC JUST DIV 2 FIELDS,YES,160,75.5,120040,VILLAGE
120040-UNIVERSITY N,CA APP CT ASSOC JUST DIV 2 FIELDS,NO,40,75.5,120040,VILLAGE
120000-UNIVERSITY N,CA APP CT ASSOC JUST DIV 2 FIELDS,NO,93,74.9,120000,MESA
120041-UNIVERSITY N,CA APP CT ASSOC JUST DIV 2 MCKINSTER,NO,79,80.3,120041,MARSHALL
120042-UNIVERSITY N,CA APP CT ASSOC JUST DIV 2 MCKINSTER,NO,173,62.7,120042,ROOSEVELT
120043-UNIVERSITY N,CA APP CT ASSOC JUST DIV 2 MCKINSTER,NO,97,109.8,120043,MUIR
120060-UNIVERSITY N,CA APP CT ASSOC JUST DIV 2 MCKINSTER,YES,140,72.2,120060,SIXTH
120060-UNIVERSITY N,CA APP CT ASSOC JUST DIV 2 MCKINSTER,NO,92,72.2,120060,SIXTH
120065-UCSD-DROP OFF,CA APP CT ASSOC JUST DIV 2 MCKINSTER,NO,102,0.0,120065,MAIL-DROP
120070-UNIVERSITY N,CA APP CT ASSOC JUST DIV 2 MCKINSTER,NO,97,66.4,120070,WARREN
120040-UNIVERSITY N,CA APP CT ASSOC JUST DIV 2 MCKINSTER,NO,89,75.5,120040,VILLAGE
120050-UNIVERSITY N,CA APP CT ASSOC JUST DIV 2 MCKINSTER,NO,140,73.1,120050,REVELLE
120070-UNIVERSITY N,CA APP CT ASSOC JUST DIV 2 MCKINSTER,YES,137,66.4,120070,WARREN
120000-UNIVERSITY N,CA APP CT ASSOC JUST DIV 2 MCKINSTER,NO,247,74.9,120000,MESA
120000-UNIVERSITY N,CA APP CT ASSOC JUST DIV 2 MCKINSTER,YES,323,74.9,120000,MESA
120041-UNIVERSITY N,CA APP CT ASSOC JUST DIV 2 MCKINSTER,YES,93,80.3,120041,MARSHALL
120040-UNIVERSITY N,CA APP CT ASSOC JUST DIV 2 MCKINSTER,YES,110,75.5,120040,VILLAGE
120043-UNIVERSITY N,CA APP CT ASSOC JUST DIV 2 MCKINSTER,YES,94,109.8,120043,MUIR
120050-UNIVERSITY N,CA APP CT ASSOC JUST DIV 2 MCKINSTER,YES,170,73.1,120050,REVELLE
120065-UCSD-DROP OFF,CA APP CT ASSOC JUST DIV 2 MCKINSTER,YES,120,0.0,120065,MAIL-DROP
120042-UNIVERSITY N,CA APP CT ASSOC JUST DIV 2 MCKINSTER,YES,210,62.7,120042,ROOSEVELT
120000-UNIVERSITY N,CA APP CT ASSOC JUST DIV 2 MILLER,YES,317,74.9,120000,MESA
120041-UNIVERSITY N,CA APP CT ASSOC JUST DIV 2 MILLER,YES,87,80.3,120041,MARSHALL
120040-UNIVERSITY N,CA APP CT ASSOC JUST DIV 2 MILLER,YES,94,75.5,120040,VILLAGE
120070-UNIVERSITY N,CA APP CT ASSOC JUST DIV 2 MILLER,NO,104,66.4,120070,WARREN
120065-UCSD-DROP OFF,CA APP CT ASSOC JUST DIV 2 MILLER,NO,105,0.0,120065,MAIL-DROP
120060-UNIVERSITY N,CA APP CT ASSOC JUST DIV 2 MILLER,NO,95,72.2,120060,SIXTH
120050-UNIVERSITY N,CA APP CT ASSOC JUST DIV 2 MILLER,NO,130,73.1,120050,REVELLE
120043-UNIVERSITY N,CA APP CT ASSOC JUST DIV 2 MILLER,NO,98,109.8,120043,MUIR
120042-UNIVERSITY N,CA APP CT ASSOC JUST DIV 2 MILLER,NO,172,62.7,120042,ROOSEVELT
120040-UNIVERSITY N,CA APP CT ASSOC JUST DIV 2 MILLER,NO,101,75.5,120040,VILLAGE
120065-UCSD-DROP OFF,CA APP CT ASSOC JUST DIV 2 MILLER,YES,117,0.0,120065,MAIL-DROP
120060-UNIVERSITY N,CA APP CT ASSOC JUST DIV 2 MILLER,YES,139,72.2,120060,SIXTH
120050-UNIVERSITY N,CA APP CT ASSOC JUST DIV 2 MILLER,YES,177,73.1,120050,REVELLE
120043-UNIVERSITY N,CA APP CT ASSOC JUST DIV 2 MILLER,YES,93,109.8,120043,MUIR
120042-UNIVERSITY N,CA APP CT ASSOC JUST DIV 2 MILLER,YES,212,62.7,120042,ROOSEVELT
120000-UNIVERSITY N,CA APP CT ASSOC JUST DIV 2 MILLER,NO,256,74.9,120000,MESA
120041-UNIVERSITY N,CA APP CT ASSOC JUST DIV 2 MILLER,NO,84,80.3,120041,MARSHALL
120070-UNIVERSITY N,CA APP CT ASSOC JUST DIV 2 MILLER,YES,130,66.4,120070,WARREN
120041-UNIVERSITY N,CA APP CT ASSOC JUST DIV 2 SLOUGH,NO,20,80.3,120041,MARSHALL
120070-UNIVERSITY N,CA APP CT ASSOC JUST DIV 2 SLOUGH,YES,187,66.4,120070,WARREN
120060-UNIVERSITY N,CA APP CT ASSOC JUST DIV 2 SLOUGH,YES,203,72.2,120060,SIXTH
120050-UNIVERSITY N,CA APP CT ASSOC JUST DIV 2 SLOUGH,YES,260,73.1,120050,REVELLE
120043-UNIVERSITY N,CA APP CT ASSOC JUST DIV 2 SLOUGH,YES,160,109.8,120043,MUIR
120042-UNIVERSITY N,CA APP CT ASSOC JUST DIV 2 SLOUGH,YES,335,62.7,120042,ROOSEVELT
120041-UNIVERSITY N,CA APP CT ASSOC JUST DIV 2 SLOUGH,YES,152,80.3,120041,MARSHALL
120065-UCSD-DROP OFF,CA APP CT ASSOC JUST DIV 2 SLOUGH,YES,176,0.0,120065,MAIL-DROP
120000-UNIVERSITY N,CA APP CT ASSOC JUST DIV 2 SLOUGH,YES,505,74.9,120000,MESA
120000-UNIVERSITY N,CA APP CT ASSOC JUST DIV 2 SLOUGH,NO,65,74.9,120000,MESA
120070-UNIVERSITY N,CA APP CT ASSOC JUST DIV 2 SLOUGH,NO,40,66.4,120070,WARREN
120040-UNIVERSITY N,CA APP CT ASSOC JUST DIV 2 SLOUGH,YES,180,75.5,120040,VILLAGE
120065-UCSD-DROP OFF,CA APP CT ASSOC JUST DIV 2 SLOUGH,NO,37,0.0,120065,MAIL-DROP
120040-UNIVERSITY N,CA APP CT ASSOC JUST DIV 2 SLOUGH,NO,19,75.5,120040,VILLAGE
120060-UNIVERSITY N,CA APP CT ASSOC JUST DIV 2 SLOUGH,NO,25,72.2,120060,SIXTH
120043-UNIVERSITY N,CA APP CT ASSOC JUST DIV 2 SLOUGH,NO,27,109.8,120043,MUIR
120042-UNIVERSITY N,CA APP CT ASSOC JUST DIV 2 SLOUGH,NO,47,62.7,120042,ROOSEVELT
120050-UNIVERSITY N,CA APP CT ASSOC JUST DIV 2 SLOUGH,NO,51,73.1,120050,REVELLE
120040-UNIVERSITY N,CA APP CT ASSOC JUST DIV 3 GOETHALS,YES,156,75.5,120040,VILLAGE
120041-UNIVERSITY N,CA APP CT ASSOC JUST DIV 3 GOETHALS,NO,31,80.3,120041,MARSHALL
120040-UNIVERSITY N,CA APP CT ASSOC JUST DIV 3 GOETHALS,NO,40,75.5,120040,VILLAGE
120000-UNIVERSITY N,CA APP CT ASSOC JUST DIV 3 GOETHALS,NO,96,74.9,120000,MESA
120042-UNIVERSITY N,CA APP CT ASSOC JUST DIV 3 GOETHALS,NO,58,62.7,120042,ROOSEVELT
120065-UCSD-DROP OFF,CA APP CT ASSOC JUST DIV 3 GOETHALS,YES,152,0.0,120065,MAIL-DROP
120060-UNIVERSITY N,CA APP CT ASSOC JUST DIV 3 GOETHALS,YES,192,72.2,120060,SIXTH
120000-UNIVERSITY N,CA APP CT ASSOC JUST DIV 3 GOETHALS,YES,469,74.9,120000,MESA
120070-UNIVERSITY N,CA APP CT ASSOC JUST DIV 3 GOETHALS,YES,170,66.4,120070,WARREN
120043-UNIVERSITY N,CA APP CT ASSOC JUST DIV 3 GOETHALS,NO,42,109.8,120043,MUIR
120050-UNIVERSITY N,CA APP CT ASSOC JUST DIV 3 GOETHALS,NO,62,73.1,120050,REVELLE
120043-UNIVERSITY N,CA APP CT ASSOC JUST DIV 3 GOETHALS,YES,142,109.8,120043,MUIR
120042-UNIVERSITY N,CA APP CT ASSOC JUST DIV 3 GOETHALS,YES,317,62.7,120042,ROOSEVELT
120050-UNIVERSITY N,CA APP CT ASSOC JUST DIV 3 GOETHALS,YES,245,73.1,120050,REVELLE
120070-UNIVERSITY N,CA APP CT ASSOC JUST DIV 3 GOETHALS,NO,56,66.4,120070,WARREN
120065-UCSD-DROP OFF,CA APP CT ASSOC JUST DIV 3 GOETHALS,NO,60,0.0,120065,MAIL-DROP
120060-UNIVERSITY N,CA APP CT ASSOC JUST DIV 3 GOETHALS,NO,39,72.2,120060,SIXTH
120041-UNIVERSITY N,CA APP CT ASSOC JUST DIV 3 GOETHALS,YES,141,80.3,120041,MARSHALL
120042-UNIVERSITY N,CA APP CT ASSOC JUST DIV 3 IKOLA,YES,263,62.7,120042,ROOSEVELT
120060-UNIVERSITY N,CA APP CT ASSOC JUST DIV 3 IKOLA,YES,180,72.2,120060,SIXTH
120065-UCSD-DROP OFF,CA APP CT ASSOC JUST DIV 3 IKOLA,YES,134,0.0,120065,MAIL-DROP
120070-UNIVERSITY N,CA APP CT ASSOC JUST DIV 3 IKOLA,YES,164,66.4,120070,WARREN
120000-UNIVERSITY N,CA APP CT ASSOC JUST DIV 3 IKOLA,NO,178,74.9,120000,MESA
120040-UNIVERSITY N,CA APP CT ASSOC JUST DIV 3 IKOLA,NO,68,75.5,120040,VILLAGE
120041-UNIVERSITY N,CA APP CT ASSOC JUST DIV 3 IKOLA,NO,53,80.3,120041,MARSHALL
120042-UNIVERSITY N,CA APP CT ASSOC JUST DIV 3 IKOLA,NO,112,62.7,120042,ROOSEVELT
120043-UNIVERSITY N,CA APP CT ASSOC JUST DIV 3 IKOLA,NO,59,109.8,120043,MUIR
120040-UNIVERSITY N,CA APP CT ASSOC JUST DIV 3 IKOLA,YES,129,75.5,120040,VILLAGE
120065-UCSD-DROP OFF,CA APP CT ASSOC JUST DIV 3 IKOLA,NO,79,0.0,120065,MAIL-DROP
120070-UNIVERSITY N,CA APP CT ASSOC JUST DIV 3 IKOLA,NO,63,66.4,120070,WARREN
120050-UNIVERSITY N,CA APP CT ASSOC JUST DIV 3 IKOLA,YES,211,73.1,120050,REVELLE
120043-UNIVERSITY N,CA APP CT ASSOC JUST DIV 3 IKOLA,YES,126,109.8,120043,MUIR
120000-UNIVERSITY N,CA APP CT ASSOC JUST DIV 3 IKOLA,YES,380,74.9,120000,MESA
120041-UNIVERSITY N,CA APP CT ASSOC JUST DIV 3 IKOLA,YES,119,80.3,120041,MARSHALL
120050-UNIVERSITY N,CA APP CT ASSOC JUST DIV 3 IKOLA,NO,97,73.1,120050,REVELLE
120060-UNIVERSITY N,CA APP CT ASSOC JUST DIV 3 IKOLA,NO,52,72.2,120060,SIXTH
120060-UNIVERSITY N,CA APP CT ASSOC JUST DIV 3 THOMPSON,YES,167,72.2,120060,SIXTH
120043-UNIVERSITY N,CA APP CT ASSOC JUST DIV 3 THOMPSON,YES,117,109.8,120043,MUIR
120042-UNIVERSITY N,CA APP CT ASSOC JUST DIV 3 THOMPSON,YES,258,62.7,120042,ROOSEVELT
120050-UNIVERSITY N,CA APP CT ASSOC JUST DIV 3 THOMPSON,YES,218,73.1,120050,REVELLE
120040-UNIVERSITY N,CA APP CT ASSOC JUST DIV 3 THOMPSON,YES,132,75.5,120040,VILLAGE
120000-UNIVERSITY N,CA APP CT ASSOC JUST DIV 3 THOMPSON,YES,371,74.9,120000,MESA
120070-UNIVERSITY N,CA APP CT ASSOC JUST DIV 3 THOMPSON,YES,156,66.4,120070,WARREN
120041-UNIVERSITY N,CA APP CT ASSOC JUST DIV 3 THOMPSON,YES,114,80.3,120041,MARSHALL
120065-UCSD-DROP OFF,CA APP CT ASSOC JUST DIV 3 THOMPSON,YES,145,0.0,120065,MAIL-DROP
120040-UNIVERSITY N,CA APP CT ASSOC JUST DIV 3 THOMPSON,NO,64,75.5,120040,VILLAGE
120060-UNIVERSITY N,CA APP CT ASSOC JUST DIV 3 THOMPSON,NO,65,72.2,120060,SIXTH
120041-UNIVERSITY N,CA APP CT ASSOC JUST DIV 3 THOMPSON,NO,60,80.3,120041,MARSHALL
120070-UNIVERSITY N,CA APP CT ASSOC JUST DIV 3 THOMPSON,NO,71,66.4,120070,WARREN
120065-UCSD-DROP OFF,CA APP CT ASSOC JUST DIV 3 THOMPSON,NO,67,0.0,120065,MAIL-DROP
120000-UNIVERSITY N,CA APP CT ASSOC JUST DIV 3 THOMPSON,NO,189,74.9,120000,MESA
120050-UNIVERSITY N,CA APP CT ASSOC JUST DIV 3 THOMPSON,NO,90,73.1,120050,REVELLE
120043-UNIVERSITY N,CA APP CT ASSOC JUST DIV 3 THOMPSON,NO,69,109.8,120043,MUIR
120042-UNIVERSITY N,CA APP CT ASSOC JUST DIV 3 THOMPSON,NO,119,62.7,120042,ROOSEVELT
120041-UNIVERSITY N,CA SUP CT ASSOC JUST CORRIGAN,YES,96,80.3,120041,MARSHALL
120000-UNIVERSITY N,CA SUP CT ASSOC JUST CORRIGAN,YES,360,74.9,120000,MESA
120040-UNIVERSITY N,CA SUP CT ASSOC JUST CORRIGAN,YES,115,75.5,120040,VILLAGE
120070-UNIVERSITY N,CA SUP CT ASSOC JUST CORRIGAN,YES,144,66.4,120070,WARREN
120042-UNIVERSITY N,CA SUP CT ASSOC JUST CORRIGAN,YES,226,62.7,120042,ROOSEVELT
120050-UNIVERSITY N,CA SUP CT ASSOC JUST CORRIGAN,YES,208,73.1,120050,REVELLE
120043-UNIVERSITY N,CA SUP CT ASSOC JUST CORRIGAN,YES,96,109.8,120043,MUIR
120060-UNIVERSITY N,CA SUP CT ASSOC JUST CORRIGAN,YES,149,72.2,120060,SIXTH
120065-UCSD-DROP OFF,CA SUP CT ASSOC JUST CORRIGAN,YES,149,0.0,120065,MAIL-DROP
120000-UNIVERSITY N,CA SUP CT ASSOC JUST CORRIGAN,NO,283,74.9,120000,MESA
120040-UNIVERSITY N,CA SUP CT ASSOC JUST CORRIGAN,NO,111,75.5,120040,VILLAGE
120041-UNIVERSITY N,CA SUP CT ASSOC JUST CORRIGAN,NO,94,80.3,120041,MARSHALL
120042-UNIVERSITY N,CA SUP CT ASSOC JUST CORRIGAN,NO,192,62.7,120042,ROOSEVELT
120043-UNIVERSITY N,CA SUP CT ASSOC JUST CORRIGAN,NO,119,109.8,120043,MUIR
120050-UNIVERSITY N,CA SUP CT ASSOC JUST CORRIGAN,NO,151,73.1,120050,REVELLE
120060-UNIVERSITY N,CA SUP CT ASSOC JUST CORRIGAN,NO,111,72.2,120060,SIXTH
120065-UCSD-DROP OFF,CA SUP CT ASSOC JUST CORRIGAN,NO,96,0.0,120065,MAIL-DROP
120070-UNIVERSITY N,CA SUP CT ASSOC JUST CORRIGAN,NO,114,66.4,120070,WARREN
120043-UNIVERSITY N,CA SUP CT ASSOC JUST KRUGER,YES,194,109.8,120043,MUIR
120000-UNIVERSITY N,CA SUP CT ASSOC JUST KRUGER,NO,59,74.9,120000,MESA
120060-UNIVERSITY N,CA SUP CT ASSOC JUST KRUGER,NO,24,72.2,120060,SIXTH
120050-UNIVERSITY N,CA SUP CT ASSOC JUST KRUGER,NO,42,73.1,120050,REVELLE
120043-UNIVERSITY N,CA SUP CT ASSOC JUST KRUGER,NO,18,109.8,120043,MUIR
120042-UNIVERSITY N,CA SUP CT ASSOC JUST KRUGER,NO,39,62.7,120042,ROOSEVELT
120041-UNIVERSITY N,CA SUP CT ASSOC JUST KRUGER,NO,19,80.3,120041,MARSHALL
120040-UNIVERSITY N,CA SUP CT ASSOC JUST KRUGER,NO,24,75.5,120040,VILLAGE
120070-UNIVERSITY N,CA SUP CT ASSOC JUST KRUGER,YES,222,66.4,120070,WARREN
120065-UCSD-DROP OFF,CA SUP CT ASSOC JUST KRUGER,NO,33,0.0,120065,MAIL-DROP
120070-UNIVERSITY N,CA SUP CT ASSOC JUST KRUGER,NO,32,66.4,120070,WARREN
120042-UNIVERSITY N,CA SUP CT ASSOC JUST KRUGER,YES,377,62.7,120042,ROOSEVELT
120041-UNIVERSITY N,CA SUP CT ASSOC JUST KRUGER,YES,170,80.3,120041,MARSHALL
120040-UNIVERSITY N,CA SUP CT ASSOC JUST KRUGER,YES,197,75.5,120040,VILLAGE
120000-UNIVERSITY N,CA SUP CT ASSOC JUST KRUGER,YES,574,74.9,120000,MESA
120065-UCSD-DROP OFF,CA SUP CT ASSOC JUST KRUGER,YES,210,0.0,120065,MAIL-DROP
120060-UNIVERSITY N,CA SUP CT ASSOC JUST KRUGER,YES,232,72.2,120060,SIXTH
120050-UNIVERSITY N,CA SUP CT ASSOC JUST KRUGER,YES,308,73.1,120050,REVELLE
120000-UNIVERSITY N,CONTROLLER,BETTY T. YEE,745,74.9,120000,MESA
120041-UNIVERSITY N,CONTROLLER,KONSTANTINOS RODITIS,21,80.3,120041,MARSHALL
120042-UNIVERSITY N,CONTROLLER,KONSTANTINOS RODITIS,51,62.7,120042,ROOSEVELT
120043-UNIVERSITY N,CONTROLLER,KONSTANTINOS RODITIS,28,109.8,120043,MUIR
120070-UNIVERSITY N,CONTROLLER,BETTY T. YEE,299,66.4,120070,WARREN
120060-UNIVERSITY N,CONTROLLER,KONSTANTINOS RODITIS,37,72.2,120060,SIXTH
120040-UNIVERSITY N,CONTROLLER,KONSTANTINOS RODITIS,32,75.5,120040,VILLAGE
120000-UNIVERSITY N,CONTROLLER,KONSTANTINOS RODITIS,105,74.9,120000,MESA
120050-UNIVERSITY N,CONTROLLER,KONSTANTINOS RODITIS,50,73.1,120050,REVELLE
120065-UCSD-DROP OFF,CONTROLLER,BETTY T. YEE,308,0.0,120065,MAIL-DROP
120060-UNIVERSITY N,CONTROLLER,BETTY T. YEE,292,72.2,120060,SIXTH
120065-UCSD-DROP OFF,CONTROLLER,KONSTANTINOS RODITIS,28,0.0,120065,MAIL-DROP
120040-UNIVERSITY N,CONTROLLER,BETTY T. YEE,248,75.5,120040,VILLAGE
120070-UNIVERSITY N,CONTROLLER,KONSTANTINOS RODITIS,39,66.4,120070,WARREN
120042-UNIVERSITY N,CONTROLLER,BETTY T. YEE,475,62.7,120042,ROOSEVELT
120043-UNIVERSITY N,CONTROLLER,BETTY T. YEE,245,109.8,120043,MUIR
120050-UNIVERSITY N,CONTROLLER,BETTY T. YEE,384,73.1,120050,REVELLE
120041-UNIVERSITY N,CONTROLLER,BETTY T. YEE,215,80.3,120041,MARSHALL
120050-UNIVERSITY N,GOVERNOR,GAVIN NEWSOM,398,73.1,120050,REVELLE
120070-UNIVERSITY N,GOVERNOR,GAVIN NEWSOM,313,66.4,120070,WARREN
120050-UNIVERSITY N,GOVERNOR,JOHN H. COX,54,73.1,120050,REVELLE
120043-UNIVERSITY N,GOVERNOR,JOHN H. COX,32,109.8,120043,MUIR
120060-UNIVERSITY N,GOVERNOR,JOHN H. COX,36,72.2,120060,SIXTH
120041-UNIVERSITY N,GOVERNOR,JOHN H. COX,23,80.3,120041,MARSHALL
120040-UNIVERSITY N,GOVERNOR,JOHN H. COX,29,75.5,120040,VILLAGE
120060-UNIVERSITY N,GOVERNOR,GAVIN NEWSOM,300,72.2,120060,SIXTH
120042-UNIVERSITY N,GOVERNOR,JOHN H. COX,54,62.7,120042,ROOSEVELT
120070-UNIVERSITY N,GOVERNOR,JOHN H. COX,47,66.4,120070,WARREN
120000-UNIVERSITY N,GOVERNOR,GAVIN NEWSOM,761,74.9,120000,MESA
120065-UCSD-DROP OFF,GOVERNOR,GAVIN NEWSOM,314,0.0,120065,MAIL-DROP
120065-UCSD-DROP OFF,GOVERNOR,JOHN H. COX,34,0.0,120065,MAIL-DROP
120000-UNIVERSITY N,GOVERNOR,JOHN H. COX,106,74.9,120000,MESA
120042-UNIVERSITY N,GOVERNOR,GAVIN NEWSOM,486,62.7,120042,ROOSEVELT
120041-UNIVERSITY N,GOVERNOR,GAVIN NEWSOM,217,80.3,120041,MARSHALL
120040-UNIVERSITY N,GOVERNOR,GAVIN NEWSOM,254,75.5,120040,VILLAGE
120043-UNIVERSITY N,GOVERNOR,GAVIN NEWSOM,252,109.8,120043,MUIR
120065-UCSD-DROP OFF,INSURANCE COMMISSIONER,STEVE POIZNER,71,0.0,120065,MAIL-DROP
120070-UNIVERSITY N,INSURANCE COMMISSIONER,RICARDO LARA,239,66.4,120070,WARREN
120000-UNIVERSITY N,INSURANCE COMMISSIONER,STEVE POIZNER,232,74.9,120000,MESA
120040-UNIVERSITY N,INSURANCE COMMISSIONER,STEVE POIZNER,74,75.5,120040,VILLAGE
120041-UNIVERSITY N,INSURANCE COMMISSIONER,STEVE POIZNER,46,80.3,120041,MARSHALL
120042-UNIVERSITY N,INSURANCE COMMISSIONER,STEVE POIZNER,131,62.7,120042,ROOSEVELT
120043-UNIVERSITY N,INSURANCE COMMISSIONER,STEVE POIZNER,50,109.8,120043,MUIR
120050-UNIVERSITY N,INSURANCE COMMISSIONER,STEVE POIZNER,110,73.1,120050,REVELLE
120060-UNIVERSITY N,INSURANCE COMMISSIONER,STEVE POIZNER,76,72.2,120060,SIXTH
120065-UCSD-DROP OFF,INSURANCE COMMISSIONER,RICARDO LARA,247,0.0,120065,MAIL-DROP
120041-UNIVERSITY N,INSURANCE COMMISSIONER,RICARDO LARA,185,80.3,120041,MARSHALL
120042-UNIVERSITY N,INSURANCE COMMISSIONER,RICARDO LARA,379,62.7,120042,ROOSEVELT
120043-UNIVERSITY N,INSURANCE COMMISSIONER,RICARDO LARA,212,109.8,120043,MUIR
120050-UNIVERSITY N,INSURANCE COMMISSIONER,RICARDO LARA,314,73.1,120050,REVELLE
120060-UNIVERSITY N,INSURANCE COMMISSIONER,RICARDO LARA,244,72.2,120060,SIXTH
120070-UNIVERSITY N,INSURANCE COMMISSIONER,STEVE POIZNER,87,66.4,120070,WARREN
120000-UNIVERSITY N,INSURANCE COMMISSIONER,RICARDO LARA,595,74.9,120000,MESA
120040-UNIVERSITY N,INSURANCE COMMISSIONER,RICARDO LARA,191,75.5,120040,VILLAGE
120070-UNIVERSITY N,LIEUTENANT GOVERNOR,ELENI KOUNALAKIS,213,66.4,120070,WARREN
120043-UNIVERSITY N,LIEUTENANT GOVERNOR,ED HERNANDEZ,100,109.8,120043,MUIR
120042-UNIVERSITY N,LIEUTENANT GOVERNOR,ED HERNANDEZ,160,62.7,120042,ROOSEVELT
120041-UNIVERSITY N,LIEUTENANT GOVERNOR,ED HERNANDEZ,62,80.3,120041,MARSHALL
120060-UNIVERSITY N,LIEUTENANT GOVERNOR,ED HERNANDEZ,104,72.2,120060,SIXTH
120060-UNIVERSITY N,LIEUTENANT GOVERNOR,ELENI KOUNALAKIS,204,72.2,120060,SIXTH
120000-UNIVERSITY N,LIEUTENANT GOVERNOR,ED HERNANDEZ,250,74.9,120000,MESA
120050-UNIVERSITY N,LIEUTENANT GOVERNOR,ED HERNANDEZ,154,73.1,120050,REVELLE
120040-UNIVERSITY N,LIEUTENANT GOVERNOR,ED HERNANDEZ,82,75.5,120040,VILLAGE
120065-UCSD-DROP OFF,LIEUTENANT GOVERNOR,ED HERNANDEZ,114,0.0,120065,MAIL-DROP
120070-UNIVERSITY N,LIEUTENANT GOVERNOR,ED HERNANDEZ,103,66.4,120070,WARREN
120050-UNIVERSITY N,LIEUTENANT GOVERNOR,ELENI KOUNALAKIS,252,73.1,120050,REVELLE
120043-UNIVERSITY N,LIEUTENANT GOVERNOR,ELENI KOUNALAKIS,147,109.8,120043,MUIR
120065-UCSD-DROP OFF,LIEUTENANT GOVERNOR,ELENI KOUNALAKIS,186,0.0,120065,MAIL-DROP
120041-UNIVERSITY N,LIEUTENANT GOVERNOR,ELENI KOUNALAKIS,155,80.3,120041,MARSHALL
120040-UNIVERSITY N,LIEUTENANT GOVERNOR,ELENI KOUNALAKIS,174,75.5,120040,VILLAGE
120000-UNIVERSITY N,LIEUTENANT GOVERNOR,ELENI KOUNALAKIS,533,74.9,120000,MESA
120042-UNIVERSITY N,LIEUTENANT GOVERNOR,ELENI KOUNALAKIS,337,62.7,120042,ROOSEVELT
120050-UNIVERSITY N,"MEASURE A- SAN DIEGO COUNTY CH. AMD. ""CLEAN-UP""",YES,303,73.1,120050,REVELLE
120070-UNIVERSITY N,"MEASURE A- SAN DIEGO COUNTY CH. AMD. ""CLEAN-UP""",YES,245,66.4,120070,WARREN
120065-UCSD-DROP OFF,"MEASURE A- SAN DIEGO COUNTY CH. AMD. ""CLEAN-UP""",YES,227,0.0,120065,MAIL-DROP
120060-UNIVERSITY N,"MEASURE A- SAN DIEGO COUNTY CH. AMD. ""CLEAN-UP""",YES,222,72.2,120060,SIXTH
120041-UNIVERSITY N,"MEASURE A- SAN DIEGO COUNTY CH. AMD. ""CLEAN-UP""",YES,164,80.3,120041,MARSHALL
120043-UNIVERSITY N,"MEASURE A- SAN DIEGO COUNTY CH. AMD. ""CLEAN-UP""",YES,188,109.8,120043,MUIR
120042-UNIVERSITY N,"MEASURE A- SAN DIEGO COUNTY CH. AMD. ""CLEAN-UP""",YES,345,62.7,120042,ROOSEVELT
120040-UNIVERSITY N,"MEASURE A- SAN DIEGO COUNTY CH. AMD. ""CLEAN-UP""",YES,194,75.5,120040,VILLAGE
120000-UNIVERSITY N,"MEASURE A- SAN DIEGO COUNTY CH. AMD. ""CLEAN-UP""",YES,572,74.9,120000,MESA
120040-UNIVERSITY N,"MEASURE A- SAN DIEGO COUNTY CH. AMD. ""CLEAN-UP""",NO,52,75.5,120040,VILLAGE
120000-UNIVERSITY N,"MEASURE A- SAN DIEGO COUNTY CH. AMD. ""CLEAN-UP""",NO,196,74.9,120000,MESA
120041-UNIVERSITY N,"MEASURE A- SAN DIEGO COUNTY CH. AMD. ""CLEAN-UP""",NO,45,80.3,120041,MARSHALL
120070-UNIVERSITY N,"MEASURE A- SAN DIEGO COUNTY CH. AMD. ""CLEAN-UP""",NO,44,66.4,120070,WARREN
120043-UNIVERSITY N,"MEASURE A- SAN DIEGO COUNTY CH. AMD. ""CLEAN-UP""",NO,50,109.8,120043,MUIR
120060-UNIVERSITY N,"MEASURE A- SAN DIEGO COUNTY CH. AMD. ""CLEAN-UP""",NO,61,72.2,120060,SIXTH
120050-UNIVERSITY N,"MEASURE A- SAN DIEGO COUNTY CH. AMD. ""CLEAN-UP""",NO,77,73.1,120050,REVELLE
120042-UNIVERSITY N,"MEASURE A- SAN DIEGO COUNTY CH. AMD. ""CLEAN-UP""",NO,105,62.7,120042,ROOSEVELT
120065-UCSD-DROP OFF,"MEASURE A- SAN DIEGO COUNTY CH. AMD. ""CLEAN-UP""",NO,60,0.0,120065,MAIL-DROP
120000-UNIVERSITY N,MEASURE B- SAN DIEGO COUNTY CH. AMD. REP. UNINC. AREAS,YES,363,74.9,120000,MESA
120050-UNIVERSITY N,MEASURE B- SAN DIEGO COUNTY CH. AMD. REP. UNINC. AREAS,YES,230,73.1,120050,REVELLE
120060-UNIVERSITY N,MEASURE B- SAN DIEGO COUNTY CH. AMD. REP. UNINC. AREAS,YES,154,72.2,120060,SIXTH
120040-UNIVERSITY N,MEASURE B- SAN DIEGO COUNTY CH. AMD. REP. UNINC. AREAS,YES,134,75.5,120040,VILLAGE
120041-UNIVERSITY N,MEASURE B- SAN DIEGO COUNTY CH. AMD. REP. UNINC. AREAS,YES,117,80.3,120041,MARSHALL
120042-UNIVERSITY N,MEASURE B- SAN DIEGO COUNTY CH. AMD. REP. UNINC. AREAS,YES,242,62.7,120042,ROOSEVELT
120043-UNIVERSITY N,MEASURE B- SAN DIEGO COUNTY CH. AMD. REP. UNINC. AREAS,YES,127,109.8,120043,MUIR
120065-UCSD-DROP OFF,MEASURE B- SAN DIEGO COUNTY CH. AMD. REP. UNINC. AREAS,YES,155,0.0,120065,MAIL-DROP
120070-UNIVERSITY N,MEASURE B- SAN DIEGO COUNTY CH. AMD. REP. UNINC. AREAS,YES,167,66.4,120070,WARREN
120040-UNIVERSITY N,MEASURE B- SAN DIEGO COUNTY CH. AMD. REP. UNINC. AREAS,NO,95,75.5,120040,VILLAGE
120042-UNIVERSITY N,MEASURE B- SAN DIEGO COUNTY CH. AMD. REP. UNINC. AREAS,NO,181,62.7,120042,ROOSEVELT
120043-UNIVERSITY N,MEASURE B- SAN DIEGO COUNTY CH. AMD. REP. UNINC. AREAS,NO,94,109.8,120043,MUIR
120050-UNIVERSITY N,MEASURE B- SAN DIEGO COUNTY CH. AMD. REP. UNINC. AREAS,NO,124,73.1,120050,REVELLE
120060-UNIVERSITY N,MEASURE B- SAN DIEGO COUNTY CH. AMD. REP. UNINC. AREAS,NO,110,72.2,120060,SIXTH
120065-UCSD-DROP OFF,MEASURE B- SAN DIEGO COUNTY CH. AMD. REP. UNINC. AREAS,NO,98,0.0,120065,MAIL-DROP
120070-UNIVERSITY N,MEASURE B- SAN DIEGO COUNTY CH. AMD. REP. UNINC. AREAS,NO,95,66.4,120070,WARREN
120000-UNIVERSITY N,MEASURE B- SAN DIEGO COUNTY CH. AMD. REP. UNINC. AREAS,NO,366,74.9,120000,MESA
120041-UNIVERSITY N,MEASURE B- SAN DIEGO COUNTY CH. AMD. REP. UNINC. AREAS,NO,80,80.3,120041,MARSHALL
120000-UNIVERSITY N,MEASURE C- SAN DIEGO COUNTY CH. AMD. GOOD GOVT.,NO,316,74.9,120000,MESA
120041-UNIVERSITY N,MEASURE C- SAN DIEGO COUNTY CH. AMD. GOOD GOVT.,NO,78,80.3,120041,MARSHALL
120042-UNIVERSITY N,MEASURE C- SAN DIEGO COUNTY CH. AMD. GOOD GOVT.,NO,188,62.7,120042,ROOSEVELT
120043-UNIVERSITY N,MEASURE C- SAN DIEGO COUNTY CH. AMD. GOOD GOVT.,NO,104,109.8,120043,MUIR
120070-UNIVERSITY N,MEASURE C- SAN DIEGO COUNTY CH. AMD. GOOD GOVT.,NO,102,66.4,120070,WARREN
120060-UNIVERSITY N,MEASURE C- SAN DIEGO COUNTY CH. AMD. GOOD GOVT.,NO,95,72.2,120060,SIXTH
120040-UNIVERSITY N,MEASURE C- SAN DIEGO COUNTY CH. AMD. GOOD GOVT.,NO,84,75.5,120040,VILLAGE
120065-UCSD-DROP OFF,MEASURE C- SAN DIEGO COUNTY CH. AMD. GOOD GOVT.,NO,113,0.0,120065,MAIL-DROP
120050-UNIVERSITY N,MEASURE C- SAN DIEGO COUNTY CH. AMD. GOOD GOVT.,NO,133,73.1,120050,REVELLE
120065-UCSD-DROP OFF,MEASURE C- SAN DIEGO COUNTY CH. AMD. GOOD GOVT.,YES,145,0.0,120065,MAIL-DROP
120060-UNIVERSITY N,MEASURE C- SAN DIEGO COUNTY CH. AMD. GOOD GOVT.,YES,170,72.2,120060,SIXTH
120050-UNIVERSITY N,MEASURE C- SAN DIEGO COUNTY CH. AMD. GOOD GOVT.,YES,223,73.1,120050,REVELLE
120043-UNIVERSITY N,MEASURE C- SAN DIEGO COUNTY CH. AMD. GOOD GOVT.,YES,116,109.8,120043,MUIR
120042-UNIVERSITY N,MEASURE C- SAN DIEGO COUNTY CH. AMD. GOOD GOVT.,YES,237,62.7,120042,ROOSEVELT
120041-UNIVERSITY N,MEASURE C- SAN DIEGO COUNTY CH. AMD. GOOD GOVT.,YES,119,80.3,120041,MARSHALL
120040-UNIVERSITY N,MEASURE C- SAN DIEGO COUNTY CH. AMD. GOOD GOVT.,YES,144,75.5,120040,VILLAGE
120000-UNIVERSITY N,MEASURE C- SAN DIEGO COUNTY CH. AMD. GOOD GOVT.,YES,417,74.9,120000,MESA
120070-UNIVERSITY N,MEASURE C- SAN DIEGO COUNTY CH. AMD. GOOD GOVT.,YES,162,66.4,120070,WARREN
120043-UNIVERSITY N,MEASURE D- SAN DIEGO COUNTY CH. AMD. REQ. RUN-OFF ELECTS.,NO,72,109.8,120043,MUIR
120000-UNIVERSITY N,MEASURE D- SAN DIEGO COUNTY CH. AMD. REQ. RUN-OFF ELECTS.,NO,129,74.9,120000,MESA
120070-UNIVERSITY N,MEASURE D- SAN DIEGO COUNTY CH. AMD. REQ. RUN-OFF ELECTS.,YES,195,66.4,120070,WARREN
120041-UNIVERSITY N,MEASURE D- SAN DIEGO COUNTY CH. AMD. REQ. RUN-OFF ELECTS.,NO,44,80.3,120041,MARSHALL
120060-UNIVERSITY N,MEASURE D- SAN DIEGO COUNTY CH. AMD. REQ. RUN-OFF ELECTS.,YES,200,72.2,120060,SIXTH
120050-UNIVERSITY N,MEASURE D- SAN DIEGO COUNTY CH. AMD. REQ. RUN-OFF ELECTS.,YES,267,73.1,120050,REVELLE
120043-UNIVERSITY N,MEASURE D- SAN DIEGO COUNTY CH. AMD. REQ. RUN-OFF ELECTS.,YES,153,109.8,120043,MUIR
120065-UCSD-DROP OFF,MEASURE D- SAN DIEGO COUNTY CH. AMD. REQ. RUN-OFF ELECTS.,YES,181,0.0,120065,MAIL-DROP
120042-UNIVERSITY N,MEASURE D- SAN DIEGO COUNTY CH. AMD. REQ. RUN-OFF ELECTS.,NO,103,62.7,120042,ROOSEVELT
120042-UNIVERSITY N,MEASURE D- SAN DIEGO COUNTY CH. AMD. REQ. RUN-OFF ELECTS.,YES,318,62.7,120042,ROOSEVELT
120041-UNIVERSITY N,MEASURE D- SAN DIEGO COUNTY CH. AMD. REQ. RUN-OFF ELECTS.,YES,157,80.3,120041,MARSHALL
120040-UNIVERSITY N,MEASURE D- SAN DIEGO COUNTY CH. AMD. REQ. RUN-OFF ELECTS.,YES,173,75.5,120040,VILLAGE
120000-UNIVERSITY N,MEASURE D- SAN DIEGO COUNTY CH. AMD. REQ. RUN-OFF ELECTS.,YES,603,74.9,120000,MESA
120050-UNIVERSITY N,MEASURE D- SAN DIEGO COUNTY CH. AMD. REQ. RUN-OFF ELECTS.,NO,95,73.1,120050,REVELLE
120060-UNIVERSITY N,MEASURE D- SAN DIEGO COUNTY CH. AMD. REQ. RUN-OFF ELECTS.,NO,68,72.2,120060,SIXTH
120040-UNIVERSITY N,MEASURE D- SAN DIEGO COUNTY CH. AMD. REQ. RUN-OFF ELECTS.,NO,57,75.5,120040,VILLAGE
120070-UNIVERSITY N,MEASURE D- SAN DIEGO COUNTY CH. AMD. REQ. RUN-OFF ELECTS.,NO,66,66.4,120070,WARREN
120065-UCSD-DROP OFF,MEASURE D- SAN DIEGO COUNTY CH. AMD. REQ. RUN-OFF ELECTS.,NO,77,0.0,120065,MAIL-DROP
120060-UNIVERSITY N,MEASURE E- CITY OF SAN DIEGO SOCCER CITY,YES,124,72.2,120060,SIXTH
120050-UNIVERSITY N,MEASURE E- CITY OF SAN DIEGO SOCCER CITY,YES,159,73.1,120050,REVELLE
120043-UNIVERSITY N,MEASURE E- CITY OF SAN DIEGO SOCCER CITY,YES,98,109.8,120043,MUIR
120000-UNIVERSITY N,MEASURE E- CITY OF SAN DIEGO SOCCER CITY,YES,224,74.9,120000,MESA
120041-UNIVERSITY N,MEASURE E- CITY OF SAN DIEGO SOCCER CITY,YES,68,80.3,120041,MARSHALL
120040-UNIVERSITY N,MEASURE E- CITY OF SAN DIEGO SOCCER CITY,YES,108,75.5,120040,VILLAGE
120065-UCSD-DROP OFF,MEASURE E- CITY OF SAN DIEGO SOCCER CITY,YES,124,0.0,120065,MAIL-DROP
120042-UNIVERSITY N,MEASURE E- CITY OF SAN DIEGO SOCCER CITY,YES,180,62.7,120042,ROOSEVELT
120040-UNIVERSITY N,MEASURE E- CITY OF SAN DIEGO SOCCER CITY,NO,125,75.5,120040,VILLAGE
120041-UNIVERSITY N,MEASURE E- CITY OF SAN DIEGO SOCCER CITY,NO,124,80.3,120041,MARSHALL
120000-UNIVERSITY N,MEASURE E- CITY OF SAN DIEGO SOCCER CITY,NO,561,74.9,120000,MESA
120042-UNIVERSITY N,MEASURE E- CITY OF SAN DIEGO SOCCER CITY,NO,255,62.7,120042,ROOSEVELT
120065-UCSD-DROP OFF,MEASURE E- CITY OF SAN DIEGO SOCCER CITY,NO,133,0.0,120065,MAIL-DROP
120070-UNIVERSITY N,MEASURE E- CITY OF SAN DIEGO SOCCER CITY,YES,146,66.4,120070,WARREN
120070-UNIVERSITY N,MEASURE E- CITY OF SAN DIEGO SOCCER CITY,NO,139,66.4,120070,WARREN
120060-UNIVERSITY N,MEASURE E- CITY OF SAN DIEGO SOCCER CITY,NO,149,72.2,120060,SIXTH
120050-UNIVERSITY N,MEASURE E- CITY OF SAN DIEGO SOCCER CITY,NO,201,73.1,120050,REVELLE
120043-UNIVERSITY N,MEASURE E- CITY OF SAN DIEGO SOCCER CITY,NO,137,109.8,120043,MUIR
120041-UNIVERSITY N,MEASURE G- CITY OF SAN DIEGO SDSU WEST,NO,69,80.3,120041,MARSHALL
120070-UNIVERSITY N,MEASURE G- CITY OF SAN DIEGO SDSU WEST,YES,196,66.4,120070,WARREN
120000-UNIVERSITY N,MEASURE G- CITY OF SAN DIEGO SDSU WEST,NO,282,74.9,120000,MESA
120040-UNIVERSITY N,MEASURE G- CITY OF SAN DIEGO SDSU WEST,NO,81,75.5,120040,VILLAGE
120065-UCSD-DROP OFF,MEASURE G- CITY OF SAN DIEGO SDSU WEST,YES,149,0.0,120065,MAIL-DROP
120042-UNIVERSITY N,MEASURE G- CITY OF SAN DIEGO SDSU WEST,NO,151,62.7,120042,ROOSEVELT
120043-UNIVERSITY N,MEASURE G- CITY OF SAN DIEGO SDSU WEST,NO,91,109.8,120043,MUIR
120050-UNIVERSITY N,MEASURE G- CITY OF SAN DIEGO SDSU WEST,NO,121,73.1,120050,REVELLE
120065-UCSD-DROP OFF,MEASURE G- CITY OF SAN DIEGO SDSU WEST,NO,108,0.0,120065,MAIL-DROP
120060-UNIVERSITY N,MEASURE G- CITY OF SAN DIEGO SDSU WEST,NO,88,72.2,120060,SIXTH
120070-UNIVERSITY N,MEASURE G- CITY OF SAN DIEGO SDSU WEST,NO,89,66.4,120070,WARREN
120000-UNIVERSITY N,MEASURE G- CITY OF SAN DIEGO SDSU WEST,YES,497,74.9,120000,MESA
120040-UNIVERSITY N,MEASURE G- CITY OF SAN DIEGO SDSU WEST,YES,152,75.5,120040,VILLAGE
120060-UNIVERSITY N,MEASURE G- CITY OF SAN DIEGO SDSU WEST,YES,183,72.2,120060,SIXTH
120042-UNIVERSITY N,MEASURE G- CITY OF SAN DIEGO SDSU WEST,YES,286,62.7,120042,ROOSEVELT
120043-UNIVERSITY N,MEASURE G- CITY OF SAN DIEGO SDSU WEST,YES,140,109.8,120043,MUIR
120050-UNIVERSITY N,MEASURE G- CITY OF SAN DIEGO SDSU WEST,YES,232,73.1,120050,REVELLE
120041-UNIVERSITY N,MEASURE G- CITY OF SAN DIEGO SDSU WEST,YES,127,80.3,120041,MARSHALL
120050-UNIVERSITY N,MEASURE H- SD UN SCHL DIST TERM LIMITS,YES,267,73.1,120050,REVELLE
120042-UNIVERSITY N,MEASURE H- SD UN SCHL DIST TERM LIMITS,NO,77,62.7,120042,ROOSEVELT
120065-UCSD-DROP OFF,MEASURE H- SD UN SCHL DIST TERM LIMITS,NO,50,0.0,120065,MAIL-DROP
120050-UNIVERSITY N,MEASURE H- SD UN SCHL DIST TERM LIMITS,NO,71,73.1,120050,REVELLE
120000-UNIVERSITY N,MEASURE H- SD UN SCHL DIST TERM LIMITS,YES,639,74.9,120000,MESA
120040-UNIVERSITY N,MEASURE H- SD UN SCHL DIST TERM LIMITS,YES,194,75.5,120040,VILLAGE
120041-UNIVERSITY N,MEASURE H- SD UN SCHL DIST TERM LIMITS,YES,146,80.3,120041,MARSHALL
120043-UNIVERSITY N,MEASURE H- SD UN SCHL DIST TERM LIMITS,YES,173,109.8,120043,MUIR
120070-UNIVERSITY N,MEASURE H- SD UN SCHL DIST TERM LIMITS,NO,49,66.4,120070,WARREN
120040-UNIVERSITY N,MEASURE H- SD UN SCHL DIST TERM LIMITS,NO,39,75.5,120040,VILLAGE
120070-UNIVERSITY N,MEASURE H- SD UN SCHL DIST TERM LIMITS,YES,231,66.4,120070,WARREN
120000-UNIVERSITY N,MEASURE H- SD UN SCHL DIST TERM LIMITS,NO,122,74.9,120000,MESA
120041-UNIVERSITY N,MEASURE H- SD UN SCHL DIST TERM LIMITS,NO,41,80.3,120041,MARSHALL
120060-UNIVERSITY N,MEASURE H- SD UN SCHL DIST TERM LIMITS,NO,44,72.2,120060,SIXTH
120060-UNIVERSITY N,MEASURE H- SD UN SCHL DIST TERM LIMITS,YES,216,72.2,120060,SIXTH
120043-UNIVERSITY N,MEASURE H- SD UN SCHL DIST TERM LIMITS,NO,44,109.8,120043,MUIR
120065-UCSD-DROP OFF,MEASURE H- SD UN SCHL DIST TERM LIMITS,YES,183,0.0,120065,MAIL-DROP
120042-UNIVERSITY N,MEASURE H- SD UN SCHL DIST TERM LIMITS,YES,340,62.7,120042,ROOSEVELT
120060-UNIVERSITY N,MEASURE J- CITY OF SAN DIEGO CH. AMD. DISC. BUSINESS INTEREST,NO,48,72.2,120060,SIXTH
120050-UNIVERSITY N,MEASURE J- CITY OF SAN DIEGO CH. AMD. DISC. BUSINESS INTEREST,NO,71,73.1,120050,REVELLE
120065-UCSD-DROP OFF,MEASURE J- CITY OF SAN DIEGO CH. AMD. DISC. BUSINESS INTEREST,NO,49,0.0,120065,MAIL-DROP
120042-UNIVERSITY N,MEASURE J- CITY OF SAN DIEGO CH. AMD. DISC. BUSINESS INTEREST,NO,66,62.7,120042,ROOSEVELT
120000-UNIVERSITY N,MEASURE J- CITY OF SAN DIEGO CH. AMD. DISC. BUSINESS INTEREST,YES,706,74.9,120000,MESA
120040-UNIVERSITY N,MEASURE J- CITY OF SAN DIEGO CH. AMD. DISC. BUSINESS INTEREST,YES,182,75.5,120040,VILLAGE
120041-UNIVERSITY N,MEASURE J- CITY OF SAN DIEGO CH. AMD. DISC. BUSINESS INTEREST,NO,33,80.3,120041,MARSHALL
120070-UNIVERSITY N,MEASURE J- CITY OF SAN DIEGO CH. AMD. DISC. BUSINESS INTEREST,NO,49,66.4,120070,WARREN
120070-UNIVERSITY N,MEASURE J- CITY OF SAN DIEGO CH. AMD. DISC. BUSINESS INTEREST,YES,217,66.4,120070,WARREN
120060-UNIVERSITY N,MEASURE J- CITY OF SAN DIEGO CH. AMD. DISC. BUSINESS INTEREST,YES,219,72.2,120060,SIXTH
120043-UNIVERSITY N,MEASURE J- CITY OF SAN DIEGO CH. AMD. DISC. BUSINESS INTEREST,YES,184,109.8,120043,MUIR
120000-UNIVERSITY N,MEASURE J- CITY OF SAN DIEGO CH. AMD. DISC. BUSINESS INTEREST,NO,63,74.9,120000,MESA
120041-UNIVERSITY N,MEASURE J- CITY OF SAN DIEGO CH. AMD. DISC. BUSINESS INTEREST,YES,152,80.3,120041,MARSHALL
120042-UNIVERSITY N,MEASURE J- CITY OF SAN DIEGO CH. AMD. DISC. BUSINESS INTEREST,YES,345,62.7,120042,ROOSEVELT
120043-UNIVERSITY N,MEASURE J- CITY OF SAN DIEGO CH. AMD. DISC. BUSINESS INTEREST,NO,37,109.8,120043,MUIR
120050-UNIVERSITY N,MEASURE J- CITY OF SAN DIEGO CH. AMD. DISC. BUSINESS INTEREST,YES,270,73.1,120050,REVELLE
120065-UCSD-DROP OFF,MEASURE J- CITY OF SAN DIEGO CH. AMD. DISC. BUSINESS INTEREST,YES,180,0.0,120065,MAIL-DROP
120040-UNIVERSITY N,MEASURE J- CITY OF SAN DIEGO CH. AMD. DISC. BUSINESS INTEREST,NO,43,75.5,120040,VILLAGE
120060-UNIVERSITY N,MEASURE K- CITY OF SAN DIEGO CH. AMD. LIMIT 2-FOUR YR TRMS,NO,37,72.2,120060,SIXTH
120000-UNIVERSITY N,MEASURE K- CITY OF SAN DIEGO CH. AMD. LIMIT 2-FOUR YR TRMS,NO,67,74.9,120000,MESA
120070-UNIVERSITY N,MEASURE K- CITY OF SAN DIEGO CH. AMD. LIMIT 2-FOUR YR TRMS,NO,33,66.4,120070,WARREN
120043-UNIVERSITY N,MEASURE K- CITY OF SAN DIEGO CH. AMD. LIMIT 2-FOUR YR TRMS,NO,34,109.8,120043,MUIR
120042-UNIVERSITY N,MEASURE K- CITY OF SAN DIEGO CH. AMD. LIMIT 2-FOUR YR TRMS,NO,54,62.7,120042,ROOSEVELT
120041-UNIVERSITY N,MEASURE K- CITY OF SAN DIEGO CH. AMD. LIMIT 2-FOUR YR TRMS,NO,24,80.3,120041,MARSHALL
120040-UNIVERSITY N,MEASURE K- CITY OF SAN DIEGO CH. AMD. LIMIT 2-FOUR YR TRMS,NO,39,75.5,120040,VILLAGE
120070-UNIVERSITY N,MEASURE K- CITY OF SAN DIEGO CH. AMD. LIMIT 2-FOUR YR TRMS,YES,240,66.4,120070,WARREN
120065-UCSD-DROP OFF,MEASURE K- CITY OF SAN DIEGO CH. AMD. LIMIT 2-FOUR YR TRMS,NO,41,0.0,120065,MAIL-DROP
120040-UNIVERSITY N,MEASURE K- CITY OF SAN DIEGO CH. AMD. LIMIT 2-FOUR YR TRMS,YES,188,75.5,120040,VILLAGE
120050-UNIVERSITY N,MEASURE K- CITY OF SAN DIEGO CH. AMD. LIMIT 2-FOUR YR TRMS,YES,285,73.1,120050,REVELLE
120043-UNIVERSITY N,MEASURE K- CITY OF SAN DIEGO CH. AMD. LIMIT 2-FOUR YR TRMS,YES,190,109.8,120043,MUIR
120042-UNIVERSITY N,MEASURE K- CITY OF SAN DIEGO CH. AMD. LIMIT 2-FOUR YR TRMS,YES,373,62.7,120042,ROOSEVELT
120041-UNIVERSITY N,MEASURE K- CITY OF SAN DIEGO CH. AMD. LIMIT 2-FOUR YR TRMS,YES,163,80.3,120041,MARSHALL
120050-UNIVERSITY N,MEASURE K- CITY OF SAN DIEGO CH. AMD. LIMIT 2-FOUR YR TRMS,NO,58,73.1,120050,REVELLE
120000-UNIVERSITY N,MEASURE K- CITY OF SAN DIEGO CH. AMD. LIMIT 2-FOUR YR TRMS,YES,700,74.9,120000,MESA
120065-UCSD-DROP OFF,MEASURE K- CITY OF SAN DIEGO CH. AMD. LIMIT 2-FOUR YR TRMS,YES,207,0.0,120065,MAIL-DROP
120060-UNIVERSITY N,MEASURE K- CITY OF SAN DIEGO CH. AMD. LIMIT 2-FOUR YR TRMS,YES,237,72.2,120060,SIXTH
120040-UNIVERSITY N,MEASURE L- CITY OF SAN DIEGO CH. AMD. ETHICS-COMP.,NO,47,75.5,120040,VILLAGE
120041-UNIVERSITY N,MEASURE L- CITY OF SAN DIEGO CH. AMD. ETHICS-COMP.,NO,25,80.3,120041,MARSHALL
120042-UNIVERSITY N,MEASURE L- CITY OF SAN DIEGO CH. AMD. ETHICS-COMP.,NO,75,62.7,120042,ROOSEVELT
120043-UNIVERSITY N,MEASURE L- CITY OF SAN DIEGO CH. AMD. ETHICS-COMP.,NO,32,109.8,120043,MUIR
120060-UNIVERSITY N,MEASURE L- CITY OF SAN DIEGO CH. AMD. ETHICS-COMP.,NO,35,72.2,120060,SIXTH
120065-UCSD-DROP OFF,MEASURE L- CITY OF SAN DIEGO CH. AMD. ETHICS-COMP.,NO,38,0.0,120065,MAIL-DROP
120070-UNIVERSITY N,MEASURE L- CITY OF SAN DIEGO CH. AMD. ETHICS-COMP.,YES,218,66.4,120070,WARREN
120050-UNIVERSITY N,MEASURE L- CITY OF SAN DIEGO CH. AMD. ETHICS-COMP.,NO,54,73.1,120050,REVELLE
120070-UNIVERSITY N,MEASURE L- CITY OF SAN DIEGO CH. AMD. ETHICS-COMP.,NO,54,66.4,120070,WARREN
120000-UNIVERSITY N,MEASURE L- CITY OF SAN DIEGO CH. AMD. ETHICS-COMP.,YES,684,74.9,120000,MESA
120042-UNIVERSITY N,MEASURE L- CITY OF SAN DIEGO CH. AMD. ETHICS-COMP.,YES,347,62.7,120042,ROOSEVELT
120000-UNIVERSITY N,MEASURE L- CITY OF SAN DIEGO CH. AMD. ETHICS-COMP.,NO,88,74.9,120000,MESA
120040-UNIVERSITY N,MEASURE L- CITY OF SAN DIEGO CH. AMD. ETHICS-COMP.,YES,181,75.5,120040,VILLAGE
120041-UNIVERSITY N,MEASURE L- CITY OF SAN DIEGO CH. AMD. ETHICS-COMP.,YES,162,80.3,120041,MARSHALL
120060-UNIVERSITY N,MEASURE L- CITY OF SAN DIEGO CH. AMD. ETHICS-COMP.,YES,228,72.2,120060,SIXTH
120043-UNIVERSITY N,MEASURE L- CITY OF SAN DIEGO CH. AMD. ETHICS-COMP.,YES,194,109.8,120043,MUIR
120050-UNIVERSITY N,MEASURE L- CITY OF SAN DIEGO CH. AMD. ETHICS-COMP.,YES,288,73.1,120050,REVELLE
120065-UCSD-DROP OFF,MEASURE L- CITY OF SAN DIEGO CH. AMD. ETHICS-COMP.,YES,210,0.0,120065,MAIL-DROP
120041-UNIVERSITY N,MEASURE M- CITY OF SAN DIEGO CH. AMD. APPT. AUDIT COM,NO,80,80.3,120041,MARSHALL
120040-UNIVERSITY N,MEASURE M- CITY OF SAN DIEGO CH. AMD. APPT. AUDIT COM,NO,97,75.5,120040,VILLAGE
120000-UNIVERSITY N,MEASURE M- CITY OF SAN DIEGO CH. AMD. APPT. AUDIT COM,NO,255,74.9,120000,MESA
120070-UNIVERSITY N,MEASURE M- CITY OF SAN DIEGO CH. AMD. APPT. AUDIT COM,YES,139,66.4,120070,WARREN
120065-UCSD-DROP OFF,MEASURE M- CITY OF SAN DIEGO CH. AMD. APPT. AUDIT COM,YES,124,0.0,120065,MAIL-DROP
120042-UNIVERSITY N,MEASURE M- CITY OF SAN DIEGO CH. AMD. APPT. AUDIT COM,YES,241,62.7,120042,ROOSEVELT
120050-UNIVERSITY N,MEASURE M- CITY OF SAN DIEGO CH. AMD. APPT. AUDIT COM,YES,187,73.1,120050,REVELLE
120043-UNIVERSITY N,MEASURE M- CITY OF SAN DIEGO CH. AMD. APPT. AUDIT COM,YES,131,109.8,120043,MUIR
120042-UNIVERSITY N,MEASURE M- CITY OF SAN DIEGO CH. AMD. APPT. AUDIT COM,NO,163,62.7,120042,ROOSEVELT
120000-UNIVERSITY N,MEASURE M- CITY OF SAN DIEGO CH. AMD. APPT. AUDIT COM,YES,459,74.9,120000,MESA
120050-UNIVERSITY N,MEASURE M- CITY OF SAN DIEGO CH. AMD. APPT. AUDIT COM,NO,138,73.1,120050,REVELLE
120043-UNIVERSITY N,MEASURE M- CITY OF SAN DIEGO CH. AMD. APPT. AUDIT COM,NO,78,109.8,120043,MUIR
120060-UNIVERSITY N,MEASURE M- CITY OF SAN DIEGO CH. AMD. APPT. AUDIT COM,YES,148,72.2,120060,SIXTH
120060-UNIVERSITY N,MEASURE M- CITY OF SAN DIEGO CH. AMD. APPT. AUDIT COM,NO,101,72.2,120060,SIXTH
120041-UNIVERSITY N,MEASURE M- CITY OF SAN DIEGO CH. AMD. APPT. AUDIT COM,YES,101,80.3,120041,MARSHALL
120065-UCSD-DROP OFF,MEASURE M- CITY OF SAN DIEGO CH. AMD. APPT. AUDIT COM,NO,94,0.0,120065,MAIL-DROP
120040-UNIVERSITY N,MEASURE M- CITY OF SAN DIEGO CH. AMD. APPT. AUDIT COM,YES,118,75.5,120040,VILLAGE
120070-UNIVERSITY N,MEASURE M- CITY OF SAN DIEGO CH. AMD. APPT. AUDIT COM,NO,116,66.4,120070,WARREN
120040-UNIVERSITY N,MEASURE N- CITY OF SAN DIEGO REINSTATE DISABILITY RETIREMENT P.O.,NO,33,75.5,120040,VILLAGE
120041-UNIVERSITY N,MEASURE N- CITY OF SAN DIEGO REINSTATE DISABILITY RETIREMENT P.O.,NO,26,80.3,120041,MARSHALL
120043-UNIVERSITY N,MEASURE N- CITY OF SAN DIEGO REINSTATE DISABILITY RETIREMENT P.O.,NO,31,109.8,120043,MUIR
120042-UNIVERSITY N,MEASURE N- CITY OF SAN DIEGO REINSTATE DISABILITY RETIREMENT P.O.,NO,36,62.7,120042,ROOSEVELT
120060-UNIVERSITY N,MEASURE N- CITY OF SAN DIEGO REINSTATE DISABILITY RETIREMENT P.O.,NO,30,72.2,120060,SIXTH
120065-UCSD-DROP OFF,MEASURE N- CITY OF SAN DIEGO REINSTATE DISABILITY RETIREMENT P.O.,NO,39,0.0,120065,MAIL-DROP
120070-UNIVERSITY N,MEASURE N- CITY OF SAN DIEGO REINSTATE DISABILITY RETIREMENT P.O.,NO,26,66.4,120070,WARREN
120000-UNIVERSITY N,MEASURE N- CITY OF SAN DIEGO REINSTATE DISABILITY RETIREMENT P.O.,NO,109,74.9,120000,MESA
120050-UNIVERSITY N,MEASURE N- CITY OF SAN DIEGO REINSTATE DISABILITY RETIREMENT P.O.,NO,41,73.1,120050,REVELLE
120065-UCSD-DROP OFF,MEASURE N- CITY OF SAN DIEGO REINSTATE DISABILITY RETIREMENT P.O.,YES,210,0.0,120065,MAIL-DROP
120040-UNIVERSITY N,MEASURE N- CITY OF SAN DIEGO REINSTATE DISABILITY RETIREMENT P.O.,YES,195,75.5,120040,VILLAGE
120041-UNIVERSITY N,MEASURE N- CITY OF SAN DIEGO REINSTATE DISABILITY RETIREMENT P.O.,YES,169,80.3,120041,MARSHALL
120000-UNIVERSITY N,MEASURE N- CITY OF SAN DIEGO REINSTATE DISABILITY RETIREMENT P.O.,YES,659,74.9,120000,MESA
120070-UNIVERSITY N,MEASURE N- CITY OF SAN DIEGO REINSTATE DISABILITY RETIREMENT P.O.,YES,250,66.4,120070,WARREN
120043-UNIVERSITY N,MEASURE N- CITY OF SAN DIEGO REINSTATE DISABILITY RETIREMENT P.O.,YES,202,109.8,120043,MUIR
120050-UNIVERSITY N,MEASURE N- CITY OF SAN DIEGO REINSTATE DISABILITY RETIREMENT P.O.,YES,308,73.1,120050,REVELLE
120060-UNIVERSITY N,MEASURE N- CITY OF SAN DIEGO REINSTATE DISABILITY RETIREMENT P.O.,YES,234,72.2,120060,SIXTH
120042-UNIVERSITY N,MEASURE N- CITY OF SAN DIEGO REINSTATE DISABILITY RETIREMENT P.O.,YES,387,62.7,120042,ROOSEVELT
120000-UNIVERSITY N,MEASURE YY- SD UN SCHL DIST $3.5B BONDS (REQ 55%),NO,123,74.9,120000,MESA
120065-UCSD-DROP OFF,MEASURE YY- SD UN SCHL DIST $3.5B BONDS (REQ 55%),YES,234,0.0,120065,MAIL-DROP
120000-UNIVERSITY N,MEASURE YY- SD UN SCHL DIST $3.5B BONDS (REQ 55%),YES,647,74.9,120000,MESA
120040-UNIVERSITY N,MEASURE YY- SD UN SCHL DIST $3.5B BONDS (REQ 55%),YES,197,75.5,120040,VILLAGE
120042-UNIVERSITY N,MEASURE YY- SD UN SCHL DIST $3.5B BONDS (REQ 55%),YES,386,62.7,120042,ROOSEVELT
120043-UNIVERSITY N,MEASURE YY- SD UN SCHL DIST $3.5B BONDS (REQ 55%),YES,209,109.8,120043,MUIR
120050-UNIVERSITY N,MEASURE YY- SD UN SCHL DIST $3.5B BONDS (REQ 55%),YES,307,73.1,120050,REVELLE
120070-UNIVERSITY N,MEASURE YY- SD UN SCHL DIST $3.5B BONDS (REQ 55%),YES,254,66.4,120070,WARREN
120041-UNIVERSITY N,MEASURE YY- SD UN SCHL DIST $3.5B BONDS (REQ 55%),YES,172,80.3,120041,MARSHALL
120065-UCSD-DROP OFF,MEASURE YY- SD UN SCHL DIST $3.5B BONDS (REQ 55%),NO,20,0.0,120065,MAIL-DROP
120042-UNIVERSITY N,MEASURE YY- SD UN SCHL DIST $3.5B BONDS (REQ 55%),NO,41,62.7,120042,ROOSEVELT
120043-UNIVERSITY N,MEASURE YY- SD UN SCHL DIST $3.5B BONDS (REQ 55%),NO,27,109.8,120043,MUIR
120060-UNIVERSITY N,MEASURE YY- SD UN SCHL DIST $3.5B BONDS (REQ 55%),NO,28,72.2,120060,SIXTH
120060-UNIVERSITY N,MEASURE YY- SD UN SCHL DIST $3.5B BONDS (REQ 55%),YES,246,72.2,120060,SIXTH
120070-UNIVERSITY N,MEASURE YY- SD UN SCHL DIST $3.5B BONDS (REQ 55%),NO,30,66.4,120070,WARREN
120040-UNIVERSITY N,MEASURE YY- SD UN SCHL DIST $3.5B BONDS (REQ 55%),NO,36,75.5,120040,VILLAGE
120041-UNIVERSITY N,MEASURE YY- SD UN SCHL DIST $3.5B BONDS (REQ 55%),NO,22,80.3,120041,MARSHALL
120050-UNIVERSITY N,MEASURE YY- SD UN SCHL DIST $3.5B BONDS (REQ 55%),NO,46,73.1,120050,REVELLE
120043-UNIVERSITY N,PROP 1 AUTHORIZES BONDS TO FUND HOUSING PGMS,NO,52,109.8,120043,MUIR
120070-UNIVERSITY N,PROP 1 AUTHORIZES BONDS TO FUND HOUSING PGMS,NO,86,66.4,120070,WARREN
120040-UNIVERSITY N,PROP 1 AUTHORIZES BONDS TO FUND HOUSING PGMS,NO,55,75.5,120040,VILLAGE
120041-UNIVERSITY N,PROP 1 AUTHORIZES BONDS TO FUND HOUSING PGMS,NO,36,80.3,120041,MARSHALL
120042-UNIVERSITY N,PROP 1 AUTHORIZES BONDS TO FUND HOUSING PGMS,NO,107,62.7,120042,ROOSEVELT
120065-UCSD-DROP OFF,PROP 1 AUTHORIZES BONDS TO FUND HOUSING PGMS,NO,58,0.0,120065,MAIL-DROP
120050-UNIVERSITY N,PROP 1 AUTHORIZES BONDS TO FUND HOUSING PGMS,NO,87,73.1,120050,REVELLE
120060-UNIVERSITY N,PROP 1 AUTHORIZES BONDS TO FUND HOUSING PGMS,NO,70,72.2,120060,SIXTH
120000-UNIVERSITY N,PROP 1 AUTHORIZES BONDS TO FUND HOUSING PGMS,NO,162,74.9,120000,MESA
120050-UNIVERSITY N,PROP 1 AUTHORIZES BONDS TO FUND HOUSING PGMS,YES,349,73.1,120050,REVELLE
120070-UNIVERSITY N,PROP 1 AUTHORIZES BONDS TO FUND HOUSING PGMS,YES,261,66.4,120070,WARREN
120060-UNIVERSITY N,PROP 1 AUTHORIZES BONDS TO FUND HOUSING PGMS,YES,263,72.2,120060,SIXTH
120000-UNIVERSITY N,PROP 1 AUTHORIZES BONDS TO FUND HOUSING PGMS,YES,691,74.9,120000,MESA
120065-UCSD-DROP OFF,PROP 1 AUTHORIZES BONDS TO FUND HOUSING PGMS,YES,285,0.0,120065,MAIL-DROP
120041-UNIVERSITY N,PROP 1 AUTHORIZES BONDS TO FUND HOUSING PGMS,YES,209,80.3,120041,MARSHALL
120042-UNIVERSITY N,PROP 1 AUTHORIZES BONDS TO FUND HOUSING PGMS,YES,426,62.7,120042,ROOSEVELT
120043-UNIVERSITY N,PROP 1 AUTHORIZES BONDS TO FUND HOUSING PGMS,YES,229,109.8,120043,MUIR
120040-UNIVERSITY N,PROP 1 AUTHORIZES BONDS TO FUND HOUSING PGMS,YES,222,75.5,120040,VILLAGE
120065-UCSD-DROP OFF,PROP 10 ENACT RENT CONTROL,NO,122,0.0,120065,MAIL-DROP
120040-UNIVERSITY N,PROP 10 ENACT RENT CONTROL,NO,111,75.5,120040,VILLAGE
120041-UNIVERSITY N,PROP 10 ENACT RENT CONTROL,NO,86,80.3,120041,MARSHALL
120042-UNIVERSITY N,PROP 10 ENACT RENT CONTROL,NO,194,62.7,120042,ROOSEVELT
120070-UNIVERSITY N,PROP 10 ENACT RENT CONTROL,YES,191,66.4,120070,WARREN
120050-UNIVERSITY N,PROP 10 ENACT RENT CONTROL,NO,184,73.1,120050,REVELLE
120060-UNIVERSITY N,PROP 10 ENACT RENT CONTROL,NO,117,72.2,120060,SIXTH
120050-UNIVERSITY N,PROP 10 ENACT RENT CONTROL,YES,244,73.1,120050,REVELLE
120043-UNIVERSITY N,PROP 10 ENACT RENT CONTROL,NO,100,109.8,120043,MUIR
120065-UCSD-DROP OFF,PROP 10 ENACT RENT CONTROL,YES,212,0.0,120065,MAIL-DROP
120060-UNIVERSITY N,PROP 10 ENACT RENT CONTROL,YES,207,72.2,120060,SIXTH
120040-UNIVERSITY N,PROP 10 ENACT RENT CONTROL,YES,161,75.5,120040,VILLAGE
120000-UNIVERSITY N,PROP 10 ENACT RENT CONTROL,NO,221,74.9,120000,MESA
120000-UNIVERSITY N,PROP 10 ENACT RENT CONTROL,YES,622,74.9,120000,MESA
120041-UNIVERSITY N,PROP 10 ENACT RENT CONTROL,YES,154,80.3,120041,MARSHALL
120042-UNIVERSITY N,PROP 10 ENACT RENT CONTROL,YES,323,62.7,120042,ROOSEVELT
120043-UNIVERSITY N,PROP 10 ENACT RENT CONTROL,YES,172,109.8,120043,MUIR
120070-UNIVERSITY N,PROP 10 ENACT RENT CONTROL,NO,156,66.4,120070,WARREN
120070-UNIVERSITY N,PROP 11 PRIVATE-SECTOR EMER. AMBULANCE,YES,182,66.4,120070,WARREN
120070-UNIVERSITY N,PROP 11 PRIVATE-SECTOR EMER. AMBULANCE,NO,162,66.4,120070,WARREN
120050-UNIVERSITY N,PROP 11 PRIVATE-SECTOR EMER. AMBULANCE,NO,203,73.1,120050,REVELLE
120043-UNIVERSITY N,PROP 11 PRIVATE-SECTOR EMER. AMBULANCE,NO,153,109.8,120043,MUIR
120042-UNIVERSITY N,PROP 11 PRIVATE-SECTOR EMER. AMBULANCE,NO,253,62.7,120042,ROOSEVELT
120041-UNIVERSITY N,PROP 11 PRIVATE-SECTOR EMER. AMBULANCE,NO,129,80.3,120041,MARSHALL
120040-UNIVERSITY N,PROP 11 PRIVATE-SECTOR EMER. AMBULANCE,NO,154,75.5,120040,VILLAGE
120000-UNIVERSITY N,PROP 11 PRIVATE-SECTOR EMER. AMBULANCE,NO,462,74.9,120000,MESA
120060-UNIVERSITY N,PROP 11 PRIVATE-SECTOR EMER. AMBULANCE,NO,159,72.2,120060,SIXTH
120040-UNIVERSITY N,PROP 11 PRIVATE-SECTOR EMER. AMBULANCE,YES,119,75.5,120040,VILLAGE
120043-UNIVERSITY N,PROP 11 PRIVATE-SECTOR EMER. AMBULANCE,YES,123,109.8,120043,MUIR
120042-UNIVERSITY N,PROP 11 PRIVATE-SECTOR EMER. AMBULANCE,YES,266,62.7,120042,ROOSEVELT
120041-UNIVERSITY N,PROP 11 PRIVATE-SECTOR EMER. AMBULANCE,YES,108,80.3,120041,MARSHALL
120000-UNIVERSITY N,PROP 11 PRIVATE-SECTOR EMER. AMBULANCE,YES,377,74.9,120000,MESA
120065-UCSD-DROP OFF,PROP 11 PRIVATE-SECTOR EMER. AMBULANCE,YES,140,0.0,120065,MAIL-DROP
120065-UCSD-DROP OFF,PROP 11 PRIVATE-SECTOR EMER. AMBULANCE,NO,202,0.0,120065,MAIL-DROP
120060-UNIVERSITY N,PROP 11 PRIVATE-SECTOR EMER. AMBULANCE,YES,167,72.2,120060,SIXTH
120050-UNIVERSITY N,PROP 11 PRIVATE-SECTOR EMER. AMBULANCE,YES,233,73.1,120050,REVELLE
120065-UCSD-DROP OFF,PROP 12 ESTABLISHES NEW STANDARDS FARM ANIMALS,YES,281,0.0,120065,MAIL-DROP
120060-UNIVERSITY N,PROP 12 ESTABLISHES NEW STANDARDS FARM ANIMALS,YES,255,72.2,120060,SIXTH
120000-UNIVERSITY N,PROP 12 ESTABLISHES NEW STANDARDS FARM ANIMALS,NO,184,74.9,120000,MESA
120040-UNIVERSITY N,PROP 12 ESTABLISHES NEW STANDARDS FARM ANIMALS,YES,232,75.5,120040,VILLAGE
120042-UNIVERSITY N,PROP 12 ESTABLISHES NEW STANDARDS FARM ANIMALS,YES,422,62.7,120042,ROOSEVELT
120041-UNIVERSITY N,PROP 12 ESTABLISHES NEW STANDARDS FARM ANIMALS,YES,220,80.3,120041,MARSHALL
120070-UNIVERSITY N,PROP 12 ESTABLISHES NEW STANDARDS FARM ANIMALS,YES,275,66.4,120070,WARREN
120043-UNIVERSITY N,PROP 12 ESTABLISHES NEW STANDARDS FARM ANIMALS,YES,236,109.8,120043,MUIR
120050-UNIVERSITY N,PROP 12 ESTABLISHES NEW STANDARDS FARM ANIMALS,YES,360,73.1,120050,REVELLE
120070-UNIVERSITY N,PROP 12 ESTABLISHES NEW STANDARDS FARM ANIMALS,NO,75,66.4,120070,WARREN
120065-UCSD-DROP OFF,PROP 12 ESTABLISHES NEW STANDARDS FARM ANIMALS,NO,70,0.0,120065,MAIL-DROP
120042-UNIVERSITY N,PROP 12 ESTABLISHES NEW STANDARDS FARM ANIMALS,NO,99,62.7,120042,ROOSEVELT
120040-UNIVERSITY N,PROP 12 ESTABLISHES NEW STANDARDS FARM ANIMALS,NO,47,75.5,120040,VILLAGE
120041-UNIVERSITY N,PROP 12 ESTABLISHES NEW STANDARDS FARM ANIMALS,NO,26,80.3,120041,MARSHALL
120000-UNIVERSITY N,PROP 12 ESTABLISHES NEW STANDARDS FARM ANIMALS,YES,653,74.9,120000,MESA
120060-UNIVERSITY N,PROP 12 ESTABLISHES NEW STANDARDS FARM ANIMALS,NO,77,72.2,120060,SIXTH
120050-UNIVERSITY N,PROP 12 ESTABLISHES NEW STANDARDS FARM ANIMALS,NO,82,73.1,120050,REVELLE
120043-UNIVERSITY N,PROP 12 ESTABLISHES NEW STANDARDS FARM ANIMALS,NO,44,109.8,120043,MUIR
120050-UNIVERSITY N,PROP 2 AUTHORIZES BONDS TO FUND EXIST. HOUSING PGM,YES,357,73.1,120050,REVELLE
120065-UCSD-DROP OFF,PROP 2 AUTHORIZES BONDS TO FUND EXIST. HOUSING PGM,NO,55,0.0,120065,MAIL-DROP
120050-UNIVERSITY N,PROP 2 AUTHORIZES BONDS TO FUND EXIST. HOUSING PGM,NO,85,73.1,120050,REVELLE
120060-UNIVERSITY N,PROP 2 AUTHORIZES BONDS TO FUND EXIST. HOUSING PGM,NO,58,72.2,120060,SIXTH
120000-UNIVERSITY N,PROP 2 AUTHORIZES BONDS TO FUND EXIST. HOUSING PGM,YES,733,74.9,120000,MESA
120040-UNIVERSITY N,PROP 2 AUTHORIZES BONDS TO FUND EXIST. HOUSING PGM,YES,231,75.5,120040,VILLAGE
120041-UNIVERSITY N,PROP 2 AUTHORIZES BONDS TO FUND EXIST. HOUSING PGM,YES,202,80.3,120041,MARSHALL
120043-UNIVERSITY N,PROP 2 AUTHORIZES BONDS TO FUND EXIST. HOUSING PGM,YES,241,109.8,120043,MUIR
120070-UNIVERSITY N,PROP 2 AUTHORIZES BONDS TO FUND EXIST. HOUSING PGM,NO,68,66.4,120070,WARREN
120065-UCSD-DROP OFF,PROP 2 AUTHORIZES BONDS TO FUND EXIST. HOUSING PGM,YES,296,0.0,120065,MAIL-DROP
120042-UNIVERSITY N,PROP 2 AUTHORIZES BONDS TO FUND EXIST. HOUSING PGM,YES,442,62.7,120042,ROOSEVELT
120070-UNIVERSITY N,PROP 2 AUTHORIZES BONDS TO FUND EXIST. HOUSING PGM,YES,282,66.4,120070,WARREN
120000-UNIVERSITY N,PROP 2 AUTHORIZES BONDS TO FUND EXIST. HOUSING PGM,NO,122,74.9,120000,MESA
120040-UNIVERSITY N,PROP 2 AUTHORIZES BONDS TO FUND EXIST. HOUSING PGM,NO,53,75.5,120040,VILLAGE
120041-UNIVERSITY N,PROP 2 AUTHORIZES BONDS TO FUND EXIST. HOUSING PGM,NO,41,80.3,120041,MARSHALL
120042-UNIVERSITY N,PROP 2 AUTHORIZES BONDS TO FUND EXIST. HOUSING PGM,NO,87,62.7,120042,ROOSEVELT
120043-UNIVERSITY N,PROP 2 AUTHORIZES BONDS TO FUND EXIST. HOUSING PGM,NO,38,109.8,120043,MUIR
120060-UNIVERSITY N,PROP 2 AUTHORIZES BONDS TO FUND EXIST. HOUSING PGM,YES,282,72.2,120060,SIXTH
120060-UNIVERSITY N,PROP 3 AUTHORIZES BONDS FUND PROJECTS WTR,YES,237,72.2,120060,SIXTH
120050-UNIVERSITY N,PROP 3 AUTHORIZES BONDS FUND PROJECTS WTR,YES,320,73.1,120050,REVELLE
120043-UNIVERSITY N,PROP 3 AUTHORIZES BONDS FUND PROJECTS WTR,YES,208,109.8,120043,MUIR
120070-UNIVERSITY N,PROP 3 AUTHORIZES BONDS FUND PROJECTS WTR,YES,248,66.4,120070,WARREN
120041-UNIVERSITY N,PROP 3 AUTHORIZES BONDS FUND PROJECTS WTR,YES,166,80.3,120041,MARSHALL
120040-UNIVERSITY N,PROP 3 AUTHORIZES BONDS FUND PROJECTS WTR,YES,198,75.5,120040,VILLAGE
120065-UCSD-DROP OFF,PROP 3 AUTHORIZES BONDS FUND PROJECTS WTR,NO,85,0.0,120065,MAIL-DROP
120042-UNIVERSITY N,PROP 3 AUTHORIZES BONDS FUND PROJECTS WTR,YES,370,62.7,120042,ROOSEVELT
120065-UCSD-DROP OFF,PROP 3 AUTHORIZES BONDS FUND PROJECTS WTR,YES,258,0.0,120065,MAIL-DROP
120042-UNIVERSITY N,PROP 3 AUTHORIZES BONDS FUND PROJECTS WTR,NO,150,62.7,120042,ROOSEVELT
120060-UNIVERSITY N,PROP 3 AUTHORIZES BONDS FUND PROJECTS WTR,NO,98,72.2,120060,SIXTH
120000-UNIVERSITY N,PROP 3 AUTHORIZES BONDS FUND PROJECTS WTR,YES,490,74.9,120000,MESA
120000-UNIVERSITY N,PROP 3 AUTHORIZES BONDS FUND PROJECTS WTR,NO,341,74.9,120000,MESA
120070-UNIVERSITY N,PROP 3 AUTHORIZES BONDS FUND PROJECTS WTR,NO,90,66.4,120070,WARREN
120041-UNIVERSITY N,PROP 3 AUTHORIZES BONDS FUND PROJECTS WTR,NO,74,80.3,120041,MARSHALL
120050-UNIVERSITY N,PROP 3 AUTHORIZES BONDS FUND PROJECTS WTR,NO,117,73.1,120050,REVELLE
120043-UNIVERSITY N,PROP 3 AUTHORIZES BONDS FUND PROJECTS WTR,NO,59,109.8,120043,MUIR
120040-UNIVERSITY N,PROP 3 AUTHORIZES BONDS FUND PROJECTS WTR,NO,79,75.5,120040,VILLAGE
120000-UNIVERSITY N,PROP 4 AUTHORIZES BONDS FUNDING CONST. HOSP.,NO,166,74.9,120000,MESA
120040-UNIVERSITY N,PROP 4 AUTHORIZES BONDS FUNDING CONST. HOSP.,NO,35,75.5,120040,VILLAGE
120041-UNIVERSITY N,PROP 4 AUTHORIZES BONDS FUNDING CONST. HOSP.,NO,31,80.3,120041,MARSHALL
120070-UNIVERSITY N,PROP 4 AUTHORIZES BONDS FUNDING CONST. HOSP.,NO,60,66.4,120070,WARREN
120043-UNIVERSITY N,PROP 4 AUTHORIZES BONDS FUNDING CONST. HOSP.,NO,39,109.8,120043,MUIR
120060-UNIVERSITY N,PROP 4 AUTHORIZES BONDS FUNDING CONST. HOSP.,NO,61,72.2,120060,SIXTH
120070-UNIVERSITY N,PROP 4 AUTHORIZES BONDS FUNDING CONST. HOSP.,YES,283,66.4,120070,WARREN
120042-UNIVERSITY N,PROP 4 AUTHORIZES BONDS FUNDING CONST. HOSP.,NO,76,62.7,120042,ROOSEVELT
120050-UNIVERSITY N,PROP 4 AUTHORIZES BONDS FUNDING CONST. HOSP.,NO,62,73.1,120050,REVELLE
120065-UCSD-DROP OFF,PROP 4 AUTHORIZES BONDS FUNDING CONST. HOSP.,YES,292,0.0,120065,MAIL-DROP
120040-UNIVERSITY N,PROP 4 AUTHORIZES BONDS FUNDING CONST. HOSP.,YES,239,75.5,120040,VILLAGE
120050-UNIVERSITY N,PROP 4 AUTHORIZES BONDS FUNDING CONST. HOSP.,YES,377,73.1,120050,REVELLE
120060-UNIVERSITY N,PROP 4 AUTHORIZES BONDS FUNDING CONST. HOSP.,YES,270,72.2,120060,SIXTH
120000-UNIVERSITY N,PROP 4 AUTHORIZES BONDS FUNDING CONST. HOSP.,YES,678,74.9,120000,MESA
120065-UCSD-DROP OFF,PROP 4 AUTHORIZES BONDS FUNDING CONST. HOSP.,NO,49,0.0,120065,MAIL-DROP
120041-UNIVERSITY N,PROP 4 AUTHORIZES BONDS FUNDING CONST. HOSP.,YES,210,80.3,120041,MARSHALL
120042-UNIVERSITY N,PROP 4 AUTHORIZES BONDS FUNDING CONST. HOSP.,YES,452,62.7,120042,ROOSEVELT
120043-UNIVERSITY N,PROP 4 AUTHORIZES BONDS FUNDING CONST. HOSP.,YES,239,109.8,120043,MUIR
120040-UNIVERSITY N,PROP 5 CHANGES REQ. CERTAIN PROPERTY OWNERS,NO,210,75.5,120040,VILLAGE
120041-UNIVERSITY N,PROP 5 CHANGES REQ. CERTAIN PROPERTY OWNERS,NO,190,80.3,120041,MARSHALL
120042-UNIVERSITY N,PROP 5 CHANGES REQ. CERTAIN PROPERTY OWNERS,NO,421,62.7,120042,ROOSEVELT
120065-UCSD-DROP OFF,PROP 5 CHANGES REQ. CERTAIN PROPERTY OWNERS,NO,244,0.0,120065,MAIL-DROP
120050-UNIVERSITY N,PROP 5 CHANGES REQ. CERTAIN PROPERTY OWNERS,NO,328,73.1,120050,REVELLE
120000-UNIVERSITY N,PROP 5 CHANGES REQ. CERTAIN PROPERTY OWNERS,YES,155,74.9,120000,MESA
120060-UNIVERSITY N,PROP 5 CHANGES REQ. CERTAIN PROPERTY OWNERS,NO,262,72.2,120060,SIXTH
120000-UNIVERSITY N,PROP 5 CHANGES REQ. CERTAIN PROPERTY OWNERS,NO,672,74.9,120000,MESA
120043-UNIVERSITY N,PROP 5 CHANGES REQ. CERTAIN PROPERTY OWNERS,NO,200,109.8,120043,MUIR
120070-UNIVERSITY N,PROP 5 CHANGES REQ. CERTAIN PROPERTY OWNERS,YES,62,66.4,120070,WARREN
120065-UCSD-DROP OFF,PROP 5 CHANGES REQ. CERTAIN PROPERTY OWNERS,YES,73,0.0,120065,MAIL-DROP
120040-UNIVERSITY N,PROP 5 CHANGES REQ. CERTAIN PROPERTY OWNERS,YES,59,75.5,120040,VILLAGE
120041-UNIVERSITY N,PROP 5 CHANGES REQ. CERTAIN PROPERTY OWNERS,YES,45,80.3,120041,MARSHALL
120070-UNIVERSITY N,PROP 5 CHANGES REQ. CERTAIN PROPERTY OWNERS,NO,276,66.4,120070,WARREN
120043-UNIVERSITY N,PROP 5 CHANGES REQ. CERTAIN PROPERTY OWNERS,YES,68,109.8,120043,MUIR
120050-UNIVERSITY N,PROP 5 CHANGES REQ. CERTAIN PROPERTY OWNERS,YES,96,73.1,120050,REVELLE
120060-UNIVERSITY N,PROP 5 CHANGES REQ. CERTAIN PROPERTY OWNERS,YES,60,72.2,120060,SIXTH
120042-UNIVERSITY N,PROP 5 CHANGES REQ. CERTAIN PROPERTY OWNERS,YES,80,62.7,120042,ROOSEVELT
120000-UNIVERSITY N,PROP 6 ELIMINATES ROAD REPAIR/TRANS. FUNDING,NO,698,74.9,120000,MESA
120042-UNIVERSITY N,PROP 6 ELIMINATES ROAD REPAIR/TRANS. FUNDING,NO,391,62.7,120042,ROOSEVELT
120041-UNIVERSITY N,PROP 6 ELIMINATES ROAD REPAIR/TRANS. FUNDING,NO,180,80.3,120041,MARSHALL
120070-UNIVERSITY N,PROP 6 ELIMINATES ROAD REPAIR/TRANS. FUNDING,NO,253,66.4,120070,WARREN
120065-UCSD-DROP OFF,PROP 6 ELIMINATES ROAD REPAIR/TRANS. FUNDING,NO,247,0.0,120065,MAIL-DROP
120060-UNIVERSITY N,PROP 6 ELIMINATES ROAD REPAIR/TRANS. FUNDING,NO,249,72.2,120060,SIXTH
120050-UNIVERSITY N,PROP 6 ELIMINATES ROAD REPAIR/TRANS. FUNDING,NO,304,73.1,120050,REVELLE
120043-UNIVERSITY N,PROP 6 ELIMINATES ROAD REPAIR/TRANS. FUNDING,NO,205,109.8,120043,MUIR
120040-UNIVERSITY N,PROP 6 ELIMINATES ROAD REPAIR/TRANS. FUNDING,NO,205,75.5,120040,VILLAGE
120065-UCSD-DROP OFF,PROP 6 ELIMINATES ROAD REPAIR/TRANS. FUNDING,YES,97,0.0,120065,MAIL-DROP
120050-UNIVERSITY N,PROP 6 ELIMINATES ROAD REPAIR/TRANS. FUNDING,YES,133,73.1,120050,REVELLE
120043-UNIVERSITY N,PROP 6 ELIMINATES ROAD REPAIR/TRANS. FUNDING,YES,74,109.8,120043,MUIR
120042-UNIVERSITY N,PROP 6 ELIMINATES ROAD REPAIR/TRANS. FUNDING,YES,136,62.7,120042,ROOSEVELT
120041-UNIVERSITY N,PROP 6 ELIMINATES ROAD REPAIR/TRANS. FUNDING,YES,63,80.3,120041,MARSHALL
120040-UNIVERSITY N,PROP 6 ELIMINATES ROAD REPAIR/TRANS. FUNDING,YES,70,75.5,120040,VILLAGE
120000-UNIVERSITY N,PROP 6 ELIMINATES ROAD REPAIR/TRANS. FUNDING,YES,155,74.9,120000,MESA
120070-UNIVERSITY N,PROP 6 ELIMINATES ROAD REPAIR/TRANS. FUNDING,YES,90,66.4,120070,WARREN
120060-UNIVERSITY N,PROP 6 ELIMINATES ROAD REPAIR/TRANS. FUNDING,YES,85,72.2,120060,SIXTH
120050-UNIVERSITY N,PROP 7 DAYLIGHT SAVING TIME,YES,240,73.1,120050,REVELLE
120065-UCSD-DROP OFF,PROP 7 DAYLIGHT SAVING TIME,YES,199,0.0,120065,MAIL-DROP
120000-UNIVERSITY N,PROP 7 DAYLIGHT SAVING TIME,YES,589,74.9,120000,MESA
120040-UNIVERSITY N,PROP 7 DAYLIGHT SAVING TIME,YES,164,75.5,120040,VILLAGE
120043-UNIVERSITY N,PROP 7 DAYLIGHT SAVING TIME,YES,174,109.8,120043,MUIR
120042-UNIVERSITY N,PROP 7 DAYLIGHT SAVING TIME,YES,298,62.7,120042,ROOSEVELT
120060-UNIVERSITY N,PROP 7 DAYLIGHT SAVING TIME,YES,214,72.2,120060,SIXTH
120041-UNIVERSITY N,PROP 7 DAYLIGHT SAVING TIME,YES,136,80.3,120041,MARSHALL
120070-UNIVERSITY N,PROP 7 DAYLIGHT SAVING TIME,YES,223,66.4,120070,WARREN
120070-UNIVERSITY N,PROP 7 DAYLIGHT SAVING TIME,NO,129,66.4,120070,WARREN
120040-UNIVERSITY N,PROP 7 DAYLIGHT SAVING TIME,NO,109,75.5,120040,VILLAGE
120065-UCSD-DROP OFF,PROP 7 DAYLIGHT SAVING TIME,NO,146,0.0,120065,MAIL-DROP
120060-UNIVERSITY N,PROP 7 DAYLIGHT SAVING TIME,NO,120,72.2,120060,SIXTH
120043-UNIVERSITY N,PROP 7 DAYLIGHT SAVING TIME,NO,107,109.8,120043,MUIR
120000-UNIVERSITY N,PROP 7 DAYLIGHT SAVING TIME,NO,244,74.9,120000,MESA
120042-UNIVERSITY N,PROP 7 DAYLIGHT SAVING TIME,NO,237,62.7,120042,ROOSEVELT
120041-UNIVERSITY N,PROP 7 DAYLIGHT SAVING TIME,NO,106,80.3,120041,MARSHALL
120050-UNIVERSITY N,PROP 7 DAYLIGHT SAVING TIME,NO,199,73.1,120050,REVELLE
120060-UNIVERSITY N,PROP 8 REGULATES KIDNEY DIALYSIS CLINICS,NO,114,72.2,120060,SIXTH
120000-UNIVERSITY N,PROP 8 REGULATES KIDNEY DIALYSIS CLINICS,NO,336,74.9,120000,MESA
120040-UNIVERSITY N,PROP 8 REGULATES KIDNEY DIALYSIS CLINICS,NO,96,75.5,120040,VILLAGE
120041-UNIVERSITY N,PROP 8 REGULATES KIDNEY DIALYSIS CLINICS,NO,66,80.3,120041,MARSHALL
120065-UCSD-DROP OFF,PROP 8 REGULATES KIDNEY DIALYSIS CLINICS,YES,230,0.0,120065,MAIL-DROP
120043-UNIVERSITY N,PROP 8 REGULATES KIDNEY DIALYSIS CLINICS,NO,94,109.8,120043,MUIR
120050-UNIVERSITY N,PROP 8 REGULATES KIDNEY DIALYSIS CLINICS,NO,149,73.1,120050,REVELLE
120070-UNIVERSITY N,PROP 8 REGULATES KIDNEY DIALYSIS CLINICS,YES,214,66.4,120070,WARREN
120042-UNIVERSITY N,PROP 8 REGULATES KIDNEY DIALYSIS CLINICS,NO,185,62.7,120042,ROOSEVELT
120050-UNIVERSITY N,PROP 8 REGULATES KIDNEY DIALYSIS CLINICS,YES,286,73.1,120050,REVELLE
120060-UNIVERSITY N,PROP 8 REGULATES KIDNEY DIALYSIS CLINICS,YES,218,72.2,120060,SIXTH
120041-UNIVERSITY N,PROP 8 REGULATES KIDNEY DIALYSIS CLINICS,YES,167,80.3,120041,MARSHALL
120043-UNIVERSITY N,PROP 8 REGULATES KIDNEY DIALYSIS CLINICS,YES,181,109.8,120043,MUIR
120065-UCSD-DROP OFF,PROP 8 REGULATES KIDNEY DIALYSIS CLINICS,NO,108,0.0,120065,MAIL-DROP
120070-UNIVERSITY N,PROP 8 REGULATES KIDNEY DIALYSIS CLINICS,NO,128,66.4,120070,WARREN
120040-UNIVERSITY N,PROP 8 REGULATES KIDNEY DIALYSIS CLINICS,YES,180,75.5,120040,VILLAGE
120000-UNIVERSITY N,PROP 8 REGULATES KIDNEY DIALYSIS CLINICS,YES,501,74.9,120000,MESA
120042-UNIVERSITY N,PROP 8 REGULATES KIDNEY DIALYSIS CLINICS,YES,334,62.7,120042,ROOSEVELT
120050-UNIVERSITY N,STATE ASSEMBLY 78TH DIST,TODD GLORIA,351,73.1,120050,REVELLE
120050-UNIVERSITY N,STATE ASSEMBLY 78TH DIST,MAGGIE J. CAMPBELL,44,73.1,120050,REVELLE
120043-UNIVERSITY N,STATE ASSEMBLY 78TH DIST,MAGGIE J. CAMPBELL,23,109.8,120043,MUIR
120042-UNIVERSITY N,STATE ASSEMBLY 78TH DIST,MAGGIE J. CAMPBELL,52,62.7,120042,ROOSEVELT
120041-UNIVERSITY N,STATE ASSEMBLY 78TH DIST,MAGGIE J. CAMPBELL,17,80.3,120041,MARSHALL
120040-UNIVERSITY N,STATE ASSEMBLY 78TH DIST,MAGGIE J. CAMPBELL,35,75.5,120040,VILLAGE
120000-UNIVERSITY N,STATE ASSEMBLY 78TH DIST,MAGGIE J. CAMPBELL,100,74.9,120000,MESA
120060-UNIVERSITY N,STATE ASSEMBLY 78TH DIST,MAGGIE J. CAMPBELL,38,72.2,120060,SIXTH
120070-UNIVERSITY N,STATE ASSEMBLY 78TH DIST,TODD GLORIA,276,66.4,120070,WARREN
120070-UNIVERSITY N,STATE ASSEMBLY 78TH DIST,MAGGIE J. CAMPBELL,39,66.4,120070,WARREN
120041-UNIVERSITY N,STATE ASSEMBLY 78TH DIST,TODD GLORIA,202,80.3,120041,MARSHALL
120040-UNIVERSITY N,STATE ASSEMBLY 78TH DIST,TODD GLORIA,220,75.5,120040,VILLAGE
120000-UNIVERSITY N,STATE ASSEMBLY 78TH DIST,TODD GLORIA,730,74.9,120000,MESA
120060-UNIVERSITY N,STATE ASSEMBLY 78TH DIST,TODD GLORIA,267,72.2,120060,SIXTH
120065-UCSD-DROP OFF,STATE ASSEMBLY 78TH DIST,MAGGIE J. CAMPBELL,24,0.0,120065,MAIL-DROP
120065-UCSD-DROP OFF,STATE ASSEMBLY 78TH DIST,TODD GLORIA,217,0.0,120065,MAIL-DROP
120043-UNIVERSITY N,STATE ASSEMBLY 78TH DIST,TODD GLORIA,212,109.8,120043,MUIR
120042-UNIVERSITY N,STATE ASSEMBLY 78TH DIST,TODD GLORIA,442,62.7,120042,ROOSEVELT
120070-UNIVERSITY N,SUPERINTENDENT OF PUBLIC INSTRUCTION,TONY K. THURMOND,173,66.4,120070,WARREN
120042-UNIVERSITY N,SUPERINTENDENT OF PUBLIC INSTRUCTION,TONY K. THURMOND,298,62.7,120042,ROOSEVELT
120043-UNIVERSITY N,SUPERINTENDENT OF PUBLIC INSTRUCTION,TONY K. THURMOND,137,109.8,120043,MUIR
120050-UNIVERSITY N,SUPERINTENDENT OF PUBLIC INSTRUCTION,TONY K. THURMOND,230,73.1,120050,REVELLE
120060-UNIVERSITY N,SUPERINTENDENT OF PUBLIC INSTRUCTION,TONY K. THURMOND,175,72.2,120060,SIXTH
120065-UCSD-DROP OFF,SUPERINTENDENT OF PUBLIC INSTRUCTION,TONY K. THURMOND,139,0.0,120065,MAIL-DROP
120041-UNIVERSITY N,SUPERINTENDENT OF PUBLIC INSTRUCTION,TONY K. THURMOND,130,80.3,120041,MARSHALL
120040-UNIVERSITY N,SUPERINTENDENT OF PUBLIC INSTRUCTION,TONY K. THURMOND,144,75.5,120040,VILLAGE
120060-UNIVERSITY N,SUPERINTENDENT OF PUBLIC INSTRUCTION,MARSHALL TUCK,85,72.2,120060,SIXTH
120070-UNIVERSITY N,SUPERINTENDENT OF PUBLIC INSTRUCTION,MARSHALL TUCK,89,66.4,120070,WARREN
120065-UCSD-DROP OFF,SUPERINTENDENT OF PUBLIC INSTRUCTION,MARSHALL TUCK,111,0.0,120065,MAIL-DROP
120000-UNIVERSITY N,SUPERINTENDENT OF PUBLIC INSTRUCTION,TONY K. THURMOND,511,74.9,120000,MESA
120000-UNIVERSITY N,SUPERINTENDENT OF PUBLIC INSTRUCTION,MARSHALL TUCK,178,74.9,120000,MESA
120042-UNIVERSITY N,SUPERINTENDENT OF PUBLIC INSTRUCTION,MARSHALL TUCK,122,62.7,120042,ROOSEVELT
120040-UNIVERSITY N,SUPERINTENDENT OF PUBLIC INSTRUCTION,MARSHALL TUCK,76,75.5,120040,VILLAGE
120043-UNIVERSITY N,SUPERINTENDENT OF PUBLIC INSTRUCTION,MARSHALL TUCK,78,109.8,120043,MUIR
120050-UNIVERSITY N,SUPERINTENDENT OF PUBLIC INSTRUCTION,MARSHALL TUCK,117,73.1,120050,REVELLE
120041-UNIVERSITY N,SUPERINTENDENT OF PUBLIC INSTRUCTION,MARSHALL TUCK,71,80.3,120041,MARSHALL
120060-UNIVERSITY N,TREASURER,GREG CONLON,32,72.2,120060,SIXTH
120050-UNIVERSITY N,TREASURER,GREG CONLON,37,73.1,120050,REVELLE
120000-UNIVERSITY N,TREASURER,FIONA MA,750,74.9,120000,MESA
120040-UNIVERSITY N,TREASURER,FIONA MA,242,75.5,120040,VILLAGE
120041-UNIVERSITY N,TREASURER,FIONA MA,216,80.3,120041,MARSHALL
120042-UNIVERSITY N,TREASURER,FIONA MA,482,62.7,120042,ROOSEVELT
120043-UNIVERSITY N,TREASURER,FIONA MA,248,109.8,120043,MUIR
120050-UNIVERSITY N,TREASURER,FIONA MA,402,73.1,120050,REVELLE
120060-UNIVERSITY N,TREASURER,FIONA MA,299,72.2,120060,SIXTH
120070-UNIVERSITY N,TREASURER,FIONA MA,298,66.4,120070,WARREN
120040-UNIVERSITY N,TREASURER,GREG CONLON,34,75.5,120040,VILLAGE
120041-UNIVERSITY N,TREASURER,GREG CONLON,20,80.3,120041,MARSHALL
120042-UNIVERSITY N,TREASURER,GREG CONLON,45,62.7,120042,ROOSEVELT
120043-UNIVERSITY N,TREASURER,GREG CONLON,27,109.8,120043,MUIR
120070-UNIVERSITY N,TREASURER,GREG CONLON,44,66.4,120070,WARREN
120065-UCSD-DROP OFF,TREASURER,FIONA MA,306,0.0,120065,MAIL-DROP
120065-UCSD-DROP OFF,TREASURER,GREG CONLON,27,0.0,120065,MAIL-DROP
120000-UNIVERSITY N,TREASURER,GREG CONLON,97,74.9,120000,MESA
120000-UNIVERSITY N,UNITED STATES SENATOR,KEVIN DE LEON,369,74.9,120000,MESA
120040-UNIVERSITY N,UNITED STATES SENATOR,KEVIN DE LEON,148,75.5,120040,VILLAGE
120060-UNIVERSITY N,UNITED STATES SENATOR,KEVIN DE LEON,147,72.2,120060,SIXTH
120050-UNIVERSITY N,UNITED STATES SENATOR,KEVIN DE LEON,211,73.1,120050,REVELLE
120043-UNIVERSITY N,UNITED STATES SENATOR,KEVIN DE LEON,146,109.8,120043,MUIR
120070-UNIVERSITY N,UNITED STATES SENATOR,KEVIN DE LEON,158,66.4,120070,WARREN
120070-UNIVERSITY N,UNITED STATES SENATOR,DIANNE FEINSTEIN,177,66.4,120070,WARREN
120042-UNIVERSITY N,UNITED STATES SENATOR,KEVIN DE LEON,214,62.7,120042,ROOSEVELT
120041-UNIVERSITY N,UNITED STATES SENATOR,KEVIN DE LEON,101,80.3,120041,MARSHALL
120040-UNIVERSITY N,UNITED STATES SENATOR,DIANNE FEINSTEIN,126,75.5,120040,VILLAGE
120041-UNIVERSITY N,UNITED STATES SENATOR,DIANNE FEINSTEIN,128,80.3,120041,MARSHALL
120050-UNIVERSITY N,UNITED STATES SENATOR,DIANNE FEINSTEIN,220,73.1,120050,REVELLE
120000-UNIVERSITY N,UNITED STATES SENATOR,DIANNE FEINSTEIN,471,74.9,120000,MESA
120060-UNIVERSITY N,UNITED STATES SENATOR,DIANNE FEINSTEIN,177,72.2,120060,SIXTH
120065-UCSD-DROP OFF,UNITED STATES SENATOR,KEVIN DE LEON,152,0.0,120065,MAIL-DROP
120042-UNIVERSITY N,UNITED STATES SENATOR,DIANNE FEINSTEIN,312,62.7,120042,ROOSEVELT
120043-UNIVERSITY N,UNITED STATES SENATOR,DIANNE FEINSTEIN,126,109.8,120043,MUIR
120065-UCSD-DROP OFF,UNITED STATES SENATOR,DIANNE FEINSTEIN,180,0.0,120065,MAIL-DROP
120041-UNIVERSITY N,US REPRESENTATIVE 49TH DIST (SAN DIEGO PORTION ONLY),MIKE LEVIN,188,80.3,120041,MARSHALL
120042-UNIVERSITY N,US REPRESENTATIVE 49TH DIST (SAN DIEGO PORTION ONLY),DIANE L. HARKEY,39,62.7,120042,ROOSEVELT
120041-UNIVERSITY N,US REPRESENTATIVE 49TH DIST (SAN DIEGO PORTION ONLY),DIANE L. HARKEY,16,80.3,120041,MARSHALL
120065-UCSD-DROP OFF,US REPRESENTATIVE 49TH DIST (SAN DIEGO PORTION ONLY),MIKE LEVIN,80,0.0,120065,MAIL-DROP
120060-UNIVERSITY N,US REPRESENTATIVE 49TH DIST (SAN DIEGO PORTION ONLY),MIKE LEVIN,268,72.2,120060,SIXTH
120043-UNIVERSITY N,US REPRESENTATIVE 49TH DIST (SAN DIEGO PORTION ONLY),MIKE LEVIN,196,109.8,120043,MUIR
120040-UNIVERSITY N,US REPRESENTATIVE 49TH DIST (SAN DIEGO PORTION ONLY),DIANE L. HARKEY,21,75.5,120040,VILLAGE
120050-UNIVERSITY N,US REPRESENTATIVE 49TH DIST (SAN DIEGO PORTION ONLY),MIKE LEVIN,311,73.1,120050,REVELLE
120060-UNIVERSITY N,US REPRESENTATIVE 49TH DIST (SAN DIEGO PORTION ONLY),DIANE L. HARKEY,28,72.2,120060,SIXTH
120070-UNIVERSITY N,US REPRESENTATIVE 49TH DIST (SAN DIEGO PORTION ONLY),DIANE L. HARKEY,24,66.4,120070,WARREN
120065-UCSD-DROP OFF,US REPRESENTATIVE 49TH DIST (SAN DIEGO PORTION ONLY),DIANE L. HARKEY,7,0.0,120065,MAIL-DROP
120050-UNIVERSITY N,US REPRESENTATIVE 49TH DIST (SAN DIEGO PORTION ONLY),DIANE L. HARKEY,31,73.1,120050,REVELLE
120043-UNIVERSITY N,US REPRESENTATIVE 49TH DIST (SAN DIEGO PORTION ONLY),DIANE L. HARKEY,16,109.8,120043,MUIR
120040-UNIVERSITY N,US REPRESENTATIVE 49TH DIST (SAN DIEGO PORTION ONLY),MIKE LEVIN,232,75.5,120040,VILLAGE
120070-UNIVERSITY N,US REPRESENTATIVE 49TH DIST (SAN DIEGO PORTION ONLY),MIKE LEVIN,280,66.4,120070,WARREN
120042-UNIVERSITY N,US REPRESENTATIVE 49TH DIST (SAN DIEGO PORTION ONLY),MIKE LEVIN,447,62.7,120042,ROOSEVELT
120000-UNIVERSITY N,US REPRESENTATIVE 52ND DIST,SCOTT PETERS,751,74.9,120000,MESA
120000-UNIVERSITY N,US REPRESENTATIVE 52ND DIST,OMAR QUDRAT,98,74.9,120000,MESA
